"","date","dailyMax","dailyMin"
"36","2015-1-1",39,35
"37","2015-1-1",39,35
"79","2015-1-2",44,37
"80","2015-1-2",44,37
"141","2015-1-3",54,44
"142","2015-1-3",54,44
"168","2015-1-4",43,26
"169","2015-1-4",43,26
"193","2015-1-5",34,22
"194","2015-1-5",34,22
"218","2015-1-6",55,25
"219","2015-1-6",55,25
"243","2015-1-7",37,17
"244","2015-1-7",37,17
"268","2015-1-8",34,10
"269","2015-1-8",34,10
"293","2015-1-9",40,22
"294","2015-1-9",40,22
"318","2015-1-10",35,19
"319","2015-1-10",35,19
"375","2015-1-11",39,32
"376","2015-1-11",39,32
"411","2015-1-12",43,35
"412","2015-1-12",43,35
"438","2015-1-13",38,23
"439","2015-1-13",38,23
"463","2015-1-14",40,21
"464","2015-1-14",40,21
"488","2015-1-15",52,32
"489","2015-1-15",52,32
"513","2015-1-16",61,27
"514","2015-1-16",61,27
"538","2015-1-17",66,33
"539","2015-1-17",66,33
"563","2015-1-18",68,35
"564","2015-1-18",68,35
"588","2015-1-19",68,32
"589","2015-1-19",68,41
"613","2015-1-20",68,35
"614","2015-1-20",68,35
"638","2015-1-21",60,34
"639","2015-1-21",60,34
"663","2015-1-22",51,41
"664","2015-1-22",51,41
"688","2015-1-23",50,32
"689","2015-1-23",50,32
"713","2015-1-24",63,29
"714","2015-1-24",63,29
"738","2015-1-25",63,38
"739","2015-1-25",63,38
"763","2015-1-26",62,34
"764","2015-1-26",62,34
"788","2015-1-27",68,39
"789","2015-1-27",68,39
"813","2015-1-28",64,35
"814","2015-1-28",64,35
"839","2015-1-29",67,37
"840","2015-1-29",67,37
"864","2015-1-30",53,32
"865","2015-1-30",53,32
"889","2015-1-31",48,39
"890","2015-1-31",48,39
"931","2015-2-1",58,33
"932","2015-2-1",58,33
"959","2015-2-2",41,26
"960","2015-2-2",41,26
"984","2015-2-3",53,25
"985","2015-2-3",53,25
"1014","2015-2-4",59,32
"1015","2015-2-4",59,32
"1041","2015-2-5",42,27
"1042","2015-2-5",42,27
"1066","2015-2-6",52,25
"1067","2015-2-6",52,25
"1094","2015-2-7",68,38
"1095","2015-2-7",68,38
"1123","2015-2-8",69,51
"1124","2015-2-8",69,51
"1148","2015-2-9",65,38
"1149","2015-2-9",65,38
"1177","2015-2-10",51,36
"1178","2015-2-10",51,36
"1202","2015-2-11",64,34
"1203","2015-2-11",64,34
"1227","2015-2-12",48,32
"1228","2015-2-12",48,32
"1252","2015-2-13",48,27
"1253","2015-2-13",48,27
"1277","2015-2-14",75,29
"1278","2015-2-14",75,29
"1304","2015-2-15",38,23
"1305","2015-2-15",38,23
"1360","2015-2-16",41,24
"1361","2015-2-16",30,24
"1394","2015-2-17",38,20
"1395","2015-2-17",38,20
"1419","2015-2-18",42,23
"1420","2015-2-18",42,23
"1444","2015-2-19",30,19
"1445","2015-2-19",30,19
"1480","2015-2-20",37,25
"1481","2015-2-20",37,25
"1541","2015-2-21",60,33
"1542","2015-2-21",60,33
"1571","2015-2-22",43,32
"1572","2015-2-22",43,32
"1618","2015-2-23",32,22
"1619","2015-2-23",32,22
"1643","2015-2-24",43,24
"1644","2015-2-24",43,24
"1680","2015-2-25",34,30
"1681","2015-2-25",34,30
"1711","2015-2-26",42,27
"1712","2015-2-26",42,27
"1737","2015-2-27",31,21
"1762","2015-2-28",38,26
"1763","2015-2-28",38,26
"1815","2015-3-1",42,28
"1816","2015-3-1",42,28
"1847","2015-3-2",40,34
"1848","2015-3-2",40,34
"1898","2015-3-3",57,35
"1899","2015-3-3",57,35
"1958","2015-3-4",53,25
"1959","2015-3-4",53,25
"2001","2015-3-5",38,21
"2002","2015-3-5",38,20
"2026","2015-3-6",38,17
"2027","2015-3-6",38,17
"2051","2015-3-7",60,28
"2052","2015-3-7",60,28
"2089","2015-3-8",50,33
"2090","2015-3-8",50,33
"2129","2015-3-9",50,44
"2130","2015-3-9",50,44
"2170","2015-3-10",58,48
"2171","2015-3-10",58,48
"2196","2015-3-11",69,52
"2197","2015-3-11",69,52
"2235","2015-3-12",57,51
"2236","2015-3-12",57,51
"2297","2015-3-13",66,57
"2299","2015-3-13",66,57
"2350","2015-3-14",64,57
"2351","2015-3-14",64,57
"2375","2015-3-15",72,51
"2376","2015-3-15",72,51
"2406","2015-3-16",74,48
"2407","2015-3-16",74,48
"2431","2015-3-17",83,52
"2432","2015-3-17",83,52
"2466","2015-3-18",57,33
"2467","2015-3-18",57,44
"2496","2015-3-19",53,43
"2497","2015-3-19",53,43
"2531","2015-3-20",65,49
"2532","2015-3-20",65,49
"2556","2015-3-21",59,49
"2557","2015-3-21",59,49
"2599","2015-3-22",61,50
"2600","2015-3-22",61,50
"2624","2015-3-23",74,47
"2625","2015-3-23",74,47
"2649","2015-3-24",80,52
"2650","2015-3-24",80,52
"2674","2015-3-25",81,56
"2675","2015-3-25",81,56
"2713","2015-3-26",69,43
"2714","2015-3-26",69,43
"2738","2015-3-27",58,41
"2739","2015-3-27",58,41
"2765","2015-3-28",51,40
"2766","2015-3-28",51,39
"2795","2015-3-29",80,38
"2796","2015-3-29",80,38
"2820","2015-3-30",74,50
"2821","2015-3-30",74,50
"2851","2015-3-31",84,57
"2852","2015-3-31",84,57
"2891","2015-4-1",81,59
"2892","2015-4-1",81,59
"2919","2015-4-2",81,63
"2920","2015-4-2",81,63
"2950","2015-4-3",80,51
"2951","2015-4-3",80,51
"2975","2015-4-4",64,43
"2976","2015-4-4",64,43
"3002","2015-4-5",59,45
"3003","2015-4-5",59,45
"3046","2015-4-6",76,54
"3047","2015-4-6",76,54
"3078","2015-4-7",85,64
"3107","2015-4-8",85,67
"3147","2015-4-9",87,66
"3172","2015-4-10",71,50
"3197","2015-4-11",74,46
"3222","2015-4-12",82,50
"3271","2015-4-13",74,60
"3310","2015-4-14",69,56
"3346","2015-4-15",72,56
"3388","2015-4-16",79,53
"3416","2015-4-17",80,63
"3458","2015-4-18",74,63
"3495","2015-4-19",82,58
"3520","2015-4-20",70,50
"3545","2015-4-21",74,46
"3570","2015-4-22",77,51
"3597","2015-4-23",64,53
"3645","2015-4-24",62,52
"3675","2015-4-25",86,62
"3706","2015-4-26",70,57
"3733","2015-4-27",66,53
"3757","2015-4-28",59,52
"3758","2015-4-28",59,52
"3782","2015-4-29",79,48
"3783","2015-4-29",79,48
"3807","2015-4-30",81,50
"3808","2015-4-30",81,50
"3832","2015-5-1",74,52
"3833","2015-5-1",74,52
"3857","2015-5-2",79,48
"3858","2015-5-2",79,48
"3882","2015-5-3",85,53
"3883","2015-5-3",85,53
"3907","2015-5-4",84,60
"3908","2015-5-4",84,60
"3932","2015-5-5",86,64
"3933","2015-5-5",86,64
"3957","2015-5-6",85,64
"3958","2015-5-6",85,64
"3982","2015-5-7",87,63
"3983","2015-5-7",87,63
"4011","2015-5-8",82,72
"4012","2015-5-8",82,72
"4070","2015-5-9",79,67
"4071","2015-5-9",79,67
"4108","2015-5-10",82,68
"4109","2015-5-10",82,68
"4156","2015-5-11",80,64
"4157","2015-5-11",80,64
"4181","2015-5-12",72,58
"4182","2015-5-12",72,58
"4206","2015-5-13",71,56
"4207","2015-5-13",71,56
"4232","2015-5-14",84,64
"4233","2015-5-14",84,64
"4264","2015-5-15",81,68
"4265","2015-5-15",81,68
"4307","2015-5-16",85,70
"4308","2015-5-16",85,70
"4342","2015-5-17",85,67
"4343","2015-5-17",85,67
"4376","2015-5-18",81,69
"4377","2015-5-18",81,69
"4409","2015-5-19",81,68
"4410","2015-5-19",81,68
"4451","2015-5-20",83,65
"4452","2015-5-20",83,65
"4478","2015-5-21",68,54
"4502","2015-5-22",72,51
"4503","2015-5-22",72,51
"4527","2015-5-23",82,61
"4528","2015-5-23",82,61
"4559","2015-5-24",86,70
"4560","2015-5-24",86,70
"4598","2015-5-25",85,64
"4599","2015-5-25",85,64
"4634","2015-5-26",81,63
"4635","2015-5-26",81,63
"4661","2015-5-27",85,67
"4662","2015-5-27",85,67
"4705","2015-5-28",84,68
"4706","2015-5-28",84,68
"4749","2015-5-29",88,67
"4750","2015-5-29",88,67
"4781","2015-5-30",84,69
"4782","2015-5-30",84,69
"4819","2015-5-31",75,66
"4820","2015-5-31",75,66
"4849","2015-6-1",77,65
"4850","2015-6-1",77,65
"4882","2015-6-2",80,64
"4883","2015-6-2",80,64
"4907","2015-6-3",81,65
"4908","2015-6-3",81,65
"4932","2015-6-4",87,66
"4933","2015-6-4",87,66
"4957","2015-6-5",91,67
"4958","2015-6-5",91,67
"4982","2015-6-6",90,71
"4983","2015-6-6",90,71
"5007","2015-6-7",94,71
"5008","2015-6-7",94,71
"5032","2015-6-8",93,75
"5033","2015-6-8",93,75
"5057","2015-6-9",94,72
"5058","2015-6-9",94,72
"5082","2015-6-10",94,70
"5083","2015-6-10",94,70
"5107","2015-6-11",94,72
"5108","2015-6-11",94,72
"5135","2015-6-12",92,75
"5136","2015-6-12",92,75
"5165","2015-6-13",87,74
"5166","2015-6-13",87,74
"5200","2015-6-14",91,74
"5201","2015-6-14",91,73
"5229","2015-6-15",91,73
"5230","2015-6-15",91,73
"5258","2015-6-16",92,74
"5285","2015-6-17",92,73
"5286","2015-6-17",92,73
"5329","2015-6-18",84,74
"5330","2015-6-18",84,74
"5361","2015-6-19",90,73
"5362","2015-6-19",90,73
"5387","2015-6-20",93,71
"5388","2015-6-20",93,71
"5412","2015-6-21",91,75
"5413","2015-6-21",91,75
"5437","2015-6-22",93,73
"5438","2015-6-22",93,73
"5462","2015-6-23",96,76
"5463","2015-6-23",96,76
"5487","2015-6-24",99,77
"5488","2015-6-24",99,77
"5512","2015-6-25",96,74
"5513","2015-6-25",96,74
"5552","2015-6-26",94,71
"5553","2015-6-26",94,71
"5584","2015-6-27",85,71
"5585","2015-6-27",85,71
"5609","2015-6-28",89,68
"5610","2015-6-28",89,68
"5634","2015-6-29",94,71
"5635","2015-6-29",94,71
"5659","2015-6-30",92,75
"5660","2015-6-30",92,75
"5685","2015-7-1",91,74
"5711","2015-7-2",92,77
"5712","2015-7-2",92,77
"5763","2015-7-3",79,70
"5764","2015-7-3",79,70
"5802","2015-7-4",85,70
"5803","2015-7-4",85,70
"5836","2015-7-5",86,71
"5837","2015-7-5",86,71
"5867","2015-7-6",90,69
"5868","2015-7-6",90,69
"5892","2015-7-7",92,75
"5893","2015-7-7",92,75
"5919","2015-7-8",90,75
"5920","2015-7-8",90,75
"5944","2015-7-9",92,76
"5945","2015-7-9",92,76
"5969","2015-7-10",94,74
"5970","2015-7-10",94,74
"5994","2015-7-11",94,76
"5995","2015-7-11",94,76
"6019","2015-7-12",95,75
"6020","2015-7-12",95,75
"6044","2015-7-13",95,77
"6045","2015-7-13",95,77
"6069","2015-7-14",96,79
"6070","2015-7-14",96,79
"6110","2015-7-15",98,75
"6111","2015-7-15",98,75
"6135","2015-7-16",94,75
"6136","2015-7-16",94,75
"6160","2015-7-17",95,75
"6161","2015-7-17",95,75
"6185","2015-7-18",96,76
"6186","2015-7-18",96,76
"6210","2015-7-19",97,76
"6211","2015-7-19",97,76
"6236","2015-7-20",98,76
"6237","2015-7-20",98,76
"6262","2015-7-21",94,76
"6263","2015-7-21",94,76
"6287","2015-7-22",94,76
"6288","2015-7-22",94,76
"6314","2015-7-23",95,77
"6315","2015-7-23",95,77
"6339","2015-7-24",99,79
"6340","2015-7-24",99,79
"6365","2015-7-25",99,80
"6366","2015-7-25",99,80
"6390","2015-7-26",97,77
"6391","2015-7-26",97,77
"6415","2015-7-27",97,76
"6416","2015-7-27",97,76
"6440","2015-7-28",98,80
"6441","2015-7-28",98,80
"6466","2015-7-29",101,79
"6467","2015-7-29",101,79
"6491","2015-7-30",93,74
"6492","2015-7-30",93,74
"6518","2015-7-31",94,71
"6519","2015-7-31",94,71
"6545","2015-8-1",96,70
"6546","2015-8-1",96,70
"6570","2015-8-2",97,71
"6571","2015-8-2",97,71
"6597","2015-8-3",98,73
"6598","2015-8-3",98,73
"6622","2015-8-4",98,72
"6623","2015-8-4",98,72
"6651","2015-8-5",99,76
"6652","2015-8-5",99,76
"6653","2015-8-5",99,76
"6682","2015-8-6",99,76
"6683","2015-8-6",99,76
"6709","2015-8-7",102,79
"6710","2015-8-7",102,79
"6740","2015-8-8",96,80
"6741","2015-8-8",96,80
"6765","2015-8-9",100,77
"6766","2015-8-9",100,77
"6791","2015-8-10",96,79
"6792","2015-8-10",96,79
"6818","2015-8-11",95,78
"6819","2015-8-11",95,78
"6843","2015-8-12",93,72
"6844","2015-8-12",93,72
"6868","2015-8-13",91,68
"6869","2015-8-13",91,68
"6893","2015-8-14",91,68
"6894","2015-8-14",91,68
"6918","2015-8-15",93,68
"6919","2015-8-15",93,68
"6945","2015-8-16",94,71
"6946","2015-8-16",94,71
"6972","2015-8-17",94,71
"6973","2015-8-17",94,71
"6997","2015-8-18",97,72
"6998","2015-8-18",97,72
"7039","2015-8-19",87,67
"7040","2015-8-19",87,67
"7064","2015-8-20",83,63
"7065","2015-8-20",83,63
"7092","2015-8-21",88,67
"7093","2015-8-21",88,67
"7133","2015-8-22",87,72
"7134","2015-8-22",87,72
"7165","2015-8-23",90,70
"7166","2015-8-23",90,70
"7190","2015-8-24",85,72
"7191","2015-8-24",85,72
"7216","2015-8-25",91,62
"7240","2015-8-26",92,65
"7241","2015-8-26",92,65
"7265","2015-8-27",88,63
"7266","2015-8-27",88,63
"7290","2015-8-28",88,61
"7291","2015-8-28",88,61
"7315","2015-8-29",91,68
"7316","2015-8-29",91,68
"7340","2015-8-30",96,68
"7341","2015-8-30",96,68
"7365","2015-8-31",95,71
"7366","2015-8-31",95,71
"7390","2015-9-1",93,72
"7391","2015-9-1",93,72
"7418","2015-9-2",96,72
"7419","2015-9-2",96,72
"7443","2015-9-3",96,71
"7444","2015-9-3",96,71
"7468","2015-9-4",98,73
"7469","2015-9-4",98,73
"7493","2015-9-5",98,73
"7494","2015-9-5",98,73
"7518","2015-9-6",98,75
"7519","2015-9-6",98,75
"7547","2015-9-7",99,73
"7548","2015-9-7",99,73
"7579","2015-9-8",99,74
"7580","2015-9-8",99,74
"7615","2015-9-9",83,71
"7616","2015-9-9",83,71
"7646","2015-9-10",93,67
"7647","2015-9-10",93,67
"7671","2015-9-11",88,67
"7672","2015-9-11",88,67
"7696","2015-9-12",80,58
"7697","2015-9-12",80,58
"7721","2015-9-13",81,52
"7722","2015-9-13",81,52
"7746","2015-9-14",87,56
"7747","2015-9-14",87,56
"7771","2015-9-15",90,56
"7772","2015-9-15",90,56
"7796","2015-9-16",92,66
"7797","2015-9-16",92,66
"7821","2015-9-17",95,67
"7822","2015-9-17",95,67
"7846","2015-9-18",97,68
"7847","2015-9-18",97,68
"7872","2015-9-19",89,70
"7897","2015-9-20",81,63
"7921","2015-9-21",87,62
"7922","2015-9-21",87,62
"7946","2015-9-22",90,60
"7947","2015-9-22",90,60
"7971","2015-9-23",91,60
"7972","2015-9-23",91,60
"7996","2015-9-24",92,64
"7997","2015-9-24",92,64
"8021","2015-9-25",90,64
"8022","2015-9-25",90,64
"8046","2015-9-26",88,63
"8047","2015-9-26",88,63
"8076","2015-9-27",85,66
"8077","2015-9-27",85,66
"8103","2015-9-28",84,71
"8104","2015-9-28",84,71
"8131","2015-9-29",87,69
"8132","2015-9-29",87,69
"8164","2015-9-30",83,67
"8165","2015-9-30",83,67
"8189","2015-10-1",80,58
"8190","2015-10-1",80,58
"8215","2015-10-2",75,53
"8241","2015-10-3",68,56
"8242","2015-10-3",68,56
"8273","2015-10-4",69,55
"8274","2015-10-4",69,55
"8302","2015-10-5",80,59
"8303","2015-10-5",80,59
"8327","2015-10-6",87,64
"8328","2015-10-6",87,64
"8352","2015-10-7",88,69
"8353","2015-10-7",88,65
"8377","2015-10-8",89,64
"8378","2015-10-8",89,64
"8405","2015-10-9",86,61
"8406","2015-10-9",86,61
"8430","2015-10-10",77,53
"8431","2015-10-10",77,53
"8455","2015-10-11",85,49
"8456","2015-10-11",85,49
"8480","2015-10-12",93,61
"8481","2015-10-12",93,61
"8505","2015-10-13",85,53
"8506","2015-10-13",85,53
"8530","2015-10-14",93,51
"8531","2015-10-14",93,51
"8555","2015-10-15",98,54
"8556","2015-10-15",98,54
"8580","2015-10-16",76,53
"8581","2015-10-16",76,53
"8605","2015-10-17",70,48
"8606","2015-10-17",70,48
"8630","2015-10-18",69,45
"8631","2015-10-18",69,45
"8656","2015-10-19",77,44
"8657","2015-10-19",77,44
"8681","2015-10-20",81,47
"8682","2015-10-20",81,47
"8706","2015-10-21",86,52
"8707","2015-10-21",86,52
"8731","2015-10-22",85,54
"8732","2015-10-22",85,54
"8773","2015-10-23",70,67
"8774","2015-10-23",70,67
"8817","2015-10-24",72,60
"8818","2015-10-24",72,60
"8851","2015-10-25",60,55
"8852","2015-10-25",60,55
"8883","2015-10-26",62,56
"8884","2015-10-26",62,56
"8939","2015-10-27",65,62
"8940","2015-10-27",65,62
"8983","2015-10-28",71,58
"8984","2015-10-28",71,58
"9009","2015-10-29",76,53
"9010","2015-10-29",76,52
"9034","2015-10-30",69,45
"9035","2015-10-30",69,45
"9077","2015-10-31",64,58
"9078","2015-10-31",64,58
"9117","2015-11-1",67,58
"9118","2015-11-1",67,58
"9147","2015-11-2",71,56
"9148","2015-11-2",71,56
"9182","2015-11-3",69,58
"9183","2015-11-3",69,58
"9207","2015-11-4",71,59
"9208","2015-11-4",71,59
"9240","2015-11-5",78,61
"9241","2015-11-5",78,61
"9276","2015-11-6",71,61
"9277","2015-11-6",71,61
"9302","2015-11-7",61,52
"9303","2015-11-7",61,52
"9327","2015-11-8",66,44
"9328","2015-11-8",66,44
"9352","2015-11-9",67,42
"9353","2015-11-9",67,42
"9377","2015-11-10",73,44
"9378","2015-11-10",73,44
"9419","2015-11-11",75,54
"9420","2015-11-11",75,54
"9444","2015-11-12",66,45
"9445","2015-11-12",66,44
"9469","2015-11-13",67,42
"9470","2015-11-13",67,42
"9494","2015-11-14",68,38
"9495","2015-11-14",68,38
"9519","2015-11-15",66,43
"9520","2015-11-15",66,43
"9561","2015-11-16",66,51
"9562","2015-11-16",66,51
"9617","2015-11-17",73,54
"9618","2015-11-17",73,54
"9646","2015-11-18",62,44
"9647","2015-11-18",62,44
"9671","2015-11-19",68,40
"9672","2015-11-19",68,40
"9696","2015-11-20",62,40
"9697","2015-11-20",62,40
"9722","2015-11-21",53,32
"9723","2015-11-21",53,32
"9747","2015-11-22",49,30
"9748","2015-11-22",49,30
"9772","2015-11-23",63,31
"9773","2015-11-23",63,31
"9797","2015-11-24",63,36
"9798","2015-11-24",63,36
"9822","2015-11-25",66,40
"9823","2015-11-25",66,40
"9852","2015-11-26",74,59
"9853","2015-11-26",74,59
"9892","2015-11-27",68,51
"9893","2015-11-27",68,51
"9954","2015-11-28",51,47
"9955","2015-11-28",51,47
"10000","2015-11-29",48,45
"10001","2015-11-29",48,45
"10048","2015-11-30",52,46
"10049","2015-11-30",52,46
"10077","2015-12-1",52,41
"10078","2015-12-1",52,41
"10108","2015-12-2",53,36
"10109","2015-12-2",53,36
"10133","2015-12-3",55,33
"10134","2015-12-3",55,33
"10158","2015-12-4",54,34
"10159","2015-12-4",54,34
"10183","2015-12-5",59,32
"10184","2015-12-5",59,32
"10208","2015-12-6",65,33
"10209","2015-12-6",65,33
"10233","2015-12-7",64,36
"10234","2015-12-7",64,36
"10258","2015-12-8",68,36
"10259","2015-12-8",68,36
"10292","2015-12-9",71,46
"10293","2015-12-9",71,46
"10322","2015-12-10",72,40
"10323","2015-12-10",72,40
"10358","2015-12-11",77,58
"10359","2015-12-11",77,58
"10391","2015-12-12",76,63
"10392","2015-12-12",76,63
"10434","2015-12-13",71,52
"10435","2015-12-13",71,52
"10462","2015-12-14",65,43
"10463","2015-12-14",65,43
"10488","2015-12-15",69,40
"10518","2015-12-16",63,43
"10519","2015-12-16",63,43
"10543","2015-12-17",53,35
"10544","2015-12-17",53,35
"10570","2015-12-18",50,33
"10571","2015-12-18",50,33
"10595","2015-12-19",59,29
"10596","2015-12-19",59,29
"10620","2015-12-20",59,37
"10621","2015-12-20",59,37
"10659","2015-12-21",66,56
"10660","2015-12-21",66,55
"10687","2015-12-22",65,38
"10688","2015-12-22",65,38
"10731","2015-12-23",74,57
"10732","2015-12-23",74,56
"10761","2015-12-24",71,45
"10762","2015-12-24",71,45
"10802","2015-12-25",61,54
"10803","2015-12-25",61,54
"10865","2015-12-26",81,54
"10866","2015-12-26",81,54
"10924","2015-12-27",70,46
"10925","2015-12-27",70,46
"10968","2015-12-28",51,39
"10969","2015-12-28",51,39
"10994","2015-12-29",43,37
"10995","2015-12-29",43,37
"11020","2015-12-30",49,35
"11021","2015-12-30",49,35
"11045","2015-12-31",46,31
"11046","2015-12-31",46,31
"11070","2016-1-1",49,33
"11071","2016-1-1",49,33
"11095","2016-1-2",54,29
"11096","2016-1-2",54,29
"11120","2016-1-3",55,34
"11121","2016-1-3",55,34
"11147","2016-1-4",40,27
"11148","2016-1-4",40,27
"11172","2016-1-5",43,25
"11173","2016-1-5",43,25
"11197","2016-1-6",52,27
"11198","2016-1-6",52,27
"11230","2016-1-7",48,41
"11231","2016-1-7",48,41
"11281","2016-1-8",66,48
"11282","2016-1-8",66,48
"11326","2016-1-9",54,37
"11327","2016-1-9",54,37
"11351","2016-1-10",37,25
"11352","2016-1-10",37,25
"11376","2016-1-11",46,23
"11377","2016-1-11",46,23
"11401","2016-1-12",57,29
"11402","2016-1-12",57,29
"11426","2016-1-13",60,29
"11427","2016-1-13",60,29
"11451","2016-1-14",65,33
"11452","2016-1-14",65,33
"11482","2016-1-15",67,40
"11483","2016-1-15",67,40
"11507","2016-1-16",44,34
"11508","2016-1-16",44,34
"11532","2016-1-17",50,27
"11533","2016-1-17",50,27
"11564","2016-1-18",35,22
"11565","2016-1-18",35,22
"11591","2016-1-19",37,23
"11592","2016-1-19",37,23
"11628","2016-1-20",36,31
"11629","2016-1-20",36,31
"11686","2016-1-21",48,31
"11688","2016-1-21",35,31
"11723","2016-1-22",43,31
"11724","2016-1-22",43,31
"11750","2016-1-23",40,28
"11751","2016-1-23",40,28
"11775","2016-1-24",45,25
"11776","2016-1-24",45,25
"11802","2016-1-25",65,39
"11803","2016-1-25",65,39
"11827","2016-1-26",53,35
"11828","2016-1-26",53,35
"11852","2016-1-27",48,28
"11853","2016-1-27",48,28
"11877","2016-1-28",66,29
"11878","2016-1-28",66,29
"11902","2016-1-29",69,34
"11903","2016-1-29",69,34
"11927","2016-1-30",73,48
"11928","2016-1-30",73,48
"11955","2016-1-31",75,57
"11956","2016-1-31",75,57
"11984","2016-2-1",60,52
"11985","2016-2-1",60,52
"12014","2016-2-2",75,53
"12015","2016-2-2",75,53
"12039","2016-2-3",52,35
"12040","2016-2-3",52,35
"12064","2016-2-4",51,29
"12065","2016-2-4",51,29
"12089","2016-2-5",56,27
"12090","2016-2-5",56,27
"12114","2016-2-6",57,29
"12115","2016-2-6",57,29
"12139","2016-2-7",61,31
"12140","2016-2-7",61,31
"12164","2016-2-8",52,37
"12165","2016-2-8",52,37
"12189","2016-2-9",51,33
"12190","2016-2-9",51,33
"12214","2016-2-10",54,27
"12215","2016-2-10",54,27
"12239","2016-2-11",54,31
"12240","2016-2-11",54,31
"12264","2016-2-12",64,32
"12265","2016-2-12",64,32
"12289","2016-2-13",46,31
"12290","2016-2-13",46,31
"12325","2016-2-14",53,33
"12326","2016-2-14",53,33
"12362","2016-2-15",55,38
"12363","2016-2-15",55,38
"12392","2016-2-16",68,42
"12393","2016-2-16",68,42
"12417","2016-2-17",59,34
"12418","2016-2-17",59,34
"12442","2016-2-18",74,37
"12443","2016-2-18",74,37
"12469","2016-2-19",73,56
"12470","2016-2-19",73,56
"12500","2016-2-20",69,62
"12501","2016-2-20",69,62
"12529","2016-2-21",75,62
"12530","2016-2-21",75,62
"12556","2016-2-22",62,46
"12557","2016-2-22",62,46
"12597","2016-2-23",48,41
"12598","2016-2-23",48,41
"12628","2016-2-24",50,35
"12629","2016-2-24",50,35
"12653","2016-2-25",53,31
"12654","2016-2-25",53,31
"12678","2016-2-26",57,29
"12679","2016-2-26",57,29
"12703","2016-2-27",71,35
"12704","2016-2-27",71,35
"12728","2016-2-28",73,44
"12729","2016-2-28",73,44
"12753","2016-2-29",68,46
"12754","2016-2-29",68,46
"12791","2016-3-1",67,43
"12792","2016-3-1",67,43
"12816","2016-3-2",58,35
"12817","2016-3-2",58,35
"12850","2016-3-3",65,46
"12851","2016-3-3",65,46
"12878","2016-3-4",62,41
"12879","2016-3-4",62,41
"12903","2016-3-5",75,41
"12904","2016-3-5",75,41
"12928","2016-3-6",75,44
"12929","2016-3-6",75,44
"12953","2016-3-7",71,56
"12954","2016-3-7",71,56
"13004","2016-3-8",77,59
"13005","2016-3-8",77,59
"13066","2016-3-9",62,59
"13067","2016-3-9",62,59
"13117","2016-3-10",66,56
"13118","2016-3-10",66,56
"13164","2016-3-11",56,52
"13165","2016-3-11",56,52
"13217","2016-3-12",66,55
"13219","2016-3-12",66,55
"13265","2016-3-13",71,53
"13266","2016-3-13",71,53
"13296","2016-3-14",79,51
"13297","2016-3-14",79,51
"13322","2016-3-15",87,63
"13323","2016-3-15",87,63
"13347","2016-3-16",74,50
"13348","2016-3-16",74,50
"13372","2016-3-17",69,44
"13373","2016-3-17",69,44
"13397","2016-3-18",66,51
"13398","2016-3-18",66,51
"13424","2016-3-19",61,44
"13425","2016-3-19",61,44
"13449","2016-3-20",53,36
"13450","2016-3-20",53,36
"13474","2016-3-21",63,32
"13475","2016-3-21",63,32
"13500","2016-3-22",73,41
"13526","2016-3-23",71,60
"13527","2016-3-23",71,60
"13556","2016-3-24",68,42
"13557","2016-3-24",68,42
"13581","2016-3-25",57,37
"13582","2016-3-25",57,37
"13606","2016-3-26",72,38
"13607","2016-3-26",72,38
"13631","2016-3-27",77,47
"13632","2016-3-27",77,47
"13656","2016-3-28",66,40
"13657","2016-3-28",66,40
"13681","2016-3-29",71,42
"13682","2016-3-29",71,42
"13751","2016-3-30",70,59
"13752","2016-3-30",70,59
"13788","2016-3-31",85,58
"13789","2016-3-31",85,58
"13813","2016-4-1",61,47
"13814","2016-4-1",61,47
"13838","2016-4-2",69,43
"13839","2016-4-2",69,43
"13863","2016-4-3",77,44
"13864","2016-4-3",77,44
"13888","2016-4-4",83,50
"13889","2016-4-4",83,50
"13913","2016-4-5",70,53
"13914","2016-4-5",70,53
"13938","2016-4-6",74,55
"13939","2016-4-6",74,54
"13963","2016-4-7",81,49
"13964","2016-4-7",81,49
"13988","2016-4-8",72,49
"13989","2016-4-8",72,49
"14013","2016-4-9",67,44
"14014","2016-4-9",67,44
"14038","2016-4-10",82,56
"14039","2016-4-10",82,56
"14084","2016-4-11",70,54
"14085","2016-4-11",70,54
"14109","2016-4-12",65,50
"14110","2016-4-12",65,50
"14134","2016-4-13",64,49
"14135","2016-4-13",64,49
"14159","2016-4-14",68,51
"14160","2016-4-14",68,51
"14197","2016-4-15",66,59
"14198","2016-4-15",66,59
"14231","2016-4-16",68,60
"14232","2016-4-16",68,60
"14256","2016-4-17",78,59
"14257","2016-4-17",78,59
"14281","2016-4-18",76,63
"14282","2016-4-18",76,63
"14319","2016-4-19",64,59
"14320","2016-4-19",64,59
"14366","2016-4-20",72,61
"14367","2016-4-20",72,61
"14403","2016-4-21",79,55
"14404","2016-4-21",79,55
"14428","2016-4-22",80,53
"14429","2016-4-22",80,53
"14453","2016-4-23",81,53
"14454","2016-4-23",81,53
"14478","2016-4-24",82,55
"14479","2016-4-24",82,55
"14505","2016-4-25",82,59
"14506","2016-4-25",82,59
"14533","2016-4-26",83,68
"14534","2016-4-26",83,68
"14566","2016-4-27",83,64
"14567","2016-4-27",83,64
"14591","2016-4-28",84,57
"14592","2016-4-28",84,57
"14650","2016-4-29",70,62
"14653","2016-4-29",70,62
"14685","2016-4-30",81,64
"14686","2016-4-30",81,64
"14715","2016-5-1",82,64
"14716","2016-5-1",82,64
"14747","2016-5-2",71,56
"14748","2016-5-2",71,56
"14772","2016-5-3",72,55
"14773","2016-5-3",72,55
"14797","2016-5-4",83,50
"14798","2016-5-4",83,50
"14822","2016-5-5",79,54
"14823","2016-5-5",79,54
"14847","2016-5-6",79,50
"14848","2016-5-6",79,50
"14872","2016-5-7",86,53
"14873","2016-5-7",86,53
"14897","2016-5-8",81,59
"14898","2016-5-8",81,59
"14930","2016-5-9",74,63
"14931","2016-5-9",74,63
"14961","2016-5-10",87,66
"14962","2016-5-10",87,66
"14990","2016-5-11",86,70
"14991","2016-5-11",86,70
"15024","2016-5-12",82,64
"15025","2016-5-12",82,64
"15049","2016-5-13",82,54
"15050","2016-5-13",82,54
"15075","2016-5-14",72,58
"15076","2016-5-14",72,58
"15100","2016-5-15",72,58
"15101","2016-5-15",72,58
"15134","2016-5-16",65,59
"15135","2016-5-16",65,59
"15167","2016-5-17",83,59
"15168","2016-5-17",83,59
"15195","2016-5-18",68,56
"15196","2016-5-18",68,56
"15220","2016-5-19",76,53
"15221","2016-5-19",76,53
"15253","2016-5-20",77,57
"15254","2016-5-20",77,57
"15278","2016-5-21",82,60
"15279","2016-5-21",82,60
"15303","2016-5-22",83,59
"15304","2016-5-22",83,59
"15328","2016-5-23",83,57
"15329","2016-5-23",83,57
"15357","2016-5-24",88,64
"15358","2016-5-24",88,64
"15390","2016-5-25",85,66
"15391","2016-5-25",85,66
"15424","2016-5-26",87,71
"15425","2016-5-26",87,71
"15459","2016-5-27",82,69
"15460","2016-5-27",82,68
"15486","2016-5-28",85,65
"15487","2016-5-28",85,65
"15515","2016-5-29",92,65
"15516","2016-5-29",92,65
"15546","2016-5-30",87,64
"15547","2016-5-30",87,64
"15575","2016-5-31",85,66
"15576","2016-5-31",85,66
"15607","2016-6-1",81,70
"15608","2016-6-1",81,70
"15644","2016-6-2",83,70
"15645","2016-6-2",83,70
"15680","2016-6-3",85,72
"15681","2016-6-3",85,72
"15713","2016-6-4",84,71
"15714","2016-6-4",84,71
"15738","2016-6-5",88,68
"15739","2016-6-5",88,68
"15763","2016-6-6",89,65
"15764","2016-6-6",89,65
"15788","2016-6-7",93,66
"15789","2016-6-7",93,66
"15813","2016-6-8",89,70
"15814","2016-6-8",89,70
"15838","2016-6-9",91,67
"15839","2016-6-9",91,67
"15863","2016-6-10",93,70
"15864","2016-6-10",93,70
"15888","2016-6-11",95,73
"15889","2016-6-11",95,73
"15920","2016-6-12",92,75
"15921","2016-6-12",92,75
"15956","2016-6-13",88,73
"15957","2016-6-13",88,73
"15997","2016-6-14",88,75
"15998","2016-6-14",88,75
"16030","2016-6-15",95,78
"16031","2016-6-15",95,78
"16055","2016-6-16",97,76
"16056","2016-6-16",97,76
"16080","2016-6-17",98,79
"16081","2016-6-17",98,79
"16105","2016-6-18",92,75
"16106","2016-6-18",92,75
"16135","2016-6-19",91,76
"16136","2016-6-19",91,76
"16160","2016-6-20",93,74
"16161","2016-6-20",93,74
"16185","2016-6-21",96,77
"16186","2016-6-21",96,77
"16210","2016-6-22",96,78
"16211","2016-6-22",96,78
"16237","2016-6-23",95,79
"16238","2016-6-23",95,79
"16262","2016-6-24",97,79
"16263","2016-6-24",97,79
"16287","2016-6-25",96,75
"16288","2016-6-25",96,75
"16314","2016-6-26",98,79
"16315","2016-6-26",98,79
"16351","2016-6-27",96,74
"16352","2016-6-27",96,74
"16381","2016-6-28",93,73
"16382","2016-6-28",93,73
"16406","2016-6-29",93,74
"16407","2016-6-29",93,74
"16431","2016-6-30",93,71
"16432","2016-6-30",93,71
"16463","2016-7-1",95,75
"16464","2016-7-1",95,75
"16488","2016-7-2",95,76
"16489","2016-7-2",95,76
"16513","2016-7-3",95,77
"16514","2016-7-3",95,77
"16541","2016-7-4",92,76
"16542","2016-7-4",92,76
"16568","2016-7-5",94,78
"16569","2016-7-5",94,78
"16597","2016-7-6",96,79
"16598","2016-7-6",96,79
"16625","2016-7-7",95,78
"16626","2016-7-7",95,78
"16650","2016-7-8",98,79
"16651","2016-7-8",98,79
"16679","2016-7-9",91,73
"16680","2016-7-9",91,73
"16711","2016-7-10",94,70
"16712","2016-7-10",94,70
"16742","2016-7-11",92,70
"16743","2016-7-11",92,70
"16767","2016-7-12",94,76
"16768","2016-7-12",94,76
"16792","2016-7-13",95,78
"16793","2016-7-13",95,78
"16828","2016-7-14",96,71
"16829","2016-7-14",96,71
"16868","2016-7-15",91,71
"16869","2016-7-15",91,71
"16893","2016-7-16",93,73
"16894","2016-7-16",93,73
"16918","2016-7-17",97,77
"16919","2016-7-17",97,77
"16943","2016-7-18",98,79
"16944","2016-7-18",98,79
"16970","2016-7-19",98,80
"16971","2016-7-19",98,80
"17000","2016-7-20",98,81
"17001","2016-7-20",98,81
"17030","2016-7-21",99,81
"17031","2016-7-21",99,81
"17060","2016-7-22",105,82
"17061","2016-7-22",105,82
"17092","2016-7-23",100,77
"17093","2016-7-23",100,77
"17119","2016-7-24",95,77
"17120","2016-7-24",95,77
"17144","2016-7-25",97,76
"17145","2016-7-25",97,76
"17169","2016-7-26",97,80
"17170","2016-7-26",97,80
"17199","2016-7-27",92,77
"17200","2016-7-27",92,77
"17230","2016-7-28",92,77
"17231","2016-7-28",92,77
"17268","2016-7-29",93,75
"17269","2016-7-29",93,75
"17302","2016-7-30",94,74
"17303","2016-7-30",94,74
"17327","2016-7-31",93,73
"17328","2016-7-31",93,73
"17352","2016-8-1",97,77
"17353","2016-8-1",97,77
"17377","2016-8-2",99,77
"17378","2016-8-2",99,77
"17405","2016-8-3",100,79
"17406","2016-8-3",100,79
"17434","2016-8-4",100,80
"17435","2016-8-4",100,80
"17462","2016-8-5",101,79
"17463","2016-8-5",101,79
"17498","2016-8-6",84,76
"17499","2016-8-6",84,76
"17533","2016-8-7",94,74
"17534","2016-8-7",94,74
"17559","2016-8-8",87,74
"17560","2016-8-8",87,74
"17591","2016-8-9",96,76
"17592","2016-8-9",96,76
"17616","2016-8-10",95,77
"17617","2016-8-10",95,77
"17641","2016-8-11",95,80
"17642","2016-8-11",95,80
"17667","2016-8-12",96,79
"17668","2016-8-12",96,79
"17719","2016-8-13",83,75
"17720","2016-8-13",83,75
"17768","2016-8-14",80,74
"17769","2016-8-14",80,74
"17815","2016-8-15",84,75
"17816","2016-8-15",84,75
"17871","2016-8-16",80,73
"17872","2016-8-16",80,73
"17912","2016-8-17",85,75
"17913","2016-8-17",85,75
"17950","2016-8-18",83,76
"17951","2016-8-18",83,76
"17983","2016-8-19",89,77
"17984","2016-8-19",89,77
"18022","2016-8-20",80,76
"18023","2016-8-20",80,76
"18047","2016-8-21",86,72
"18048","2016-8-21",86,71
"18072","2016-8-22",87,68
"18073","2016-8-22",87,68
"18102","2016-8-23",93,75
"18103","2016-8-23",93,75
"18127","2016-8-24",96,77
"18128","2016-8-24",96,77
"18156","2016-8-25",96,77
"18157","2016-8-25",96,77
"18181","2016-8-26",94,76
"18182","2016-8-26",94,76
"18218","2016-8-27",93,75
"18219","2016-8-27",93,75
"18243","2016-8-28",95,76
"18244","2016-8-28",95,76
"18269","2016-8-29",95,77
"18270","2016-8-29",95,77
"18294","2016-8-30",96,78
"18295","2016-8-30",96,78
"18320","2016-8-31",96,78
"18321","2016-8-31",96,78
"18345","2016-9-1",91,74
"18346","2016-9-1",91,74
"18370","2016-9-2",86,68
"18371","2016-9-2",86,68
"18395","2016-9-3",87,65
"18396","2016-9-3",87,65
"18420","2016-9-4",92,66
"18421","2016-9-4",92,66
"18445","2016-9-5",95,74
"18446","2016-9-5",95,74
"18477","2016-9-6",95,76
"18478","2016-9-6",95,76
"18502","2016-9-7",95,76
"18503","2016-9-7",95,76
"18528","2016-9-8",96,77
"18529","2016-9-8",96,77
"18558","2016-9-9",94,77
"18559","2016-9-9",94,77
"18585","2016-9-10",89,67
"18586","2016-9-10",89,67
"18610","2016-9-11",87,63
"18611","2016-9-11",87,63
"18636","2016-9-12",91,64
"18637","2016-9-12",91,64
"18662","2016-9-13",94,72
"18663","2016-9-13",94,72
"18687","2016-9-14",96,26
"18688","2016-9-14",96,75
"18712","2016-9-15",95,74
"18713","2016-9-15",95,74
"18739","2016-9-16",96,73
"18740","2016-9-16",96,73
"18775","2016-9-17",90,73
"18776","2016-9-17",90,73
"18806","2016-9-18",83,70
"18807","2016-9-18",83,70
"18833","2016-9-19",91,67
"18834","2016-9-19",91,67
"18858","2016-9-20",92,70
"18859","2016-9-20",92,70
"18883","2016-9-21",93,69
"18884","2016-9-21",93,69
"18908","2016-9-22",94,69
"18909","2016-9-22",94,69
"18933","2016-9-23",93,70
"18934","2016-9-23",93,70
"18958","2016-9-24",94,73
"18959","2016-9-24",94,73
"18983","2016-9-25",94,73
"18984","2016-9-25",94,73
"19012","2016-9-26",80,62
"19013","2016-9-26",80,62
"19037","2016-9-27",82,58
"19038","2016-9-27",82,58
"19062","2016-9-28",93,57
"19063","2016-9-28",93,57
"19087","2016-9-29",80,55
"19088","2016-9-29",80,55
"19112","2016-9-30",79,60
"19113","2016-9-30",79,60
"19137","2016-10-1",78,55
"19138","2016-10-1",78,55
"19167","2016-10-2",83,54
"19168","2016-10-2",83,54
"19192","2016-10-3",82,57
"19193","2016-10-3",82,57
"19217","2016-10-4",85,57
"19218","2016-10-4",85,57
"19242","2016-10-5",90,63
"19243","2016-10-5",90,63
"19267","2016-10-6",88,62
"19268","2016-10-6",88,62
"19292","2016-10-7",88,58
"19293","2016-10-7",88,58
"19317","2016-10-8",75,50
"19318","2016-10-8",75,50
"19342","2016-10-9",78,47
"19343","2016-10-9",78,47
"19367","2016-10-10",75,52
"19368","2016-10-10",75,52
"19392","2016-10-11",83,52
"19393","2016-10-11",83,52
"19417","2016-10-12",82,62
"19418","2016-10-12",82,62
"19460","2016-10-13",70,57
"19461","2016-10-13",70,57
"19501","2016-10-14",75,56
"19502","2016-10-14",63,56
"19537","2016-10-15",81,61
"19538","2016-10-15",81,61
"19562","2016-10-16",84,63
"19563","2016-10-16",84,63
"19587","2016-10-17",86,65
"19588","2016-10-17",86,65
"19618","2016-10-18",83,68
"19619","2016-10-18",83,68
"19643","2016-10-19",86,66
"19644","2016-10-19",86,66
"19675","2016-10-20",71,52
"19676","2016-10-20",71,52
"19700","2016-10-21",68,48
"19701","2016-10-21",68,48
"19725","2016-10-22",72,43
"19726","2016-10-22",72,43
"19750","2016-10-23",75,44
"19751","2016-10-23",75,44
"19775","2016-10-24",80,53
"19776","2016-10-24",80,53
"19800","2016-10-25",77,53
"19801","2016-10-25",77,53
"19826","2016-10-26",77,52
"19827","2016-10-26",77,52
"19851","2016-10-27",82,56
"19852","2016-10-27",82,56
"19883","2016-10-28",82,56
"19884","2016-10-28",82,56
"19908","2016-10-29",82,55
"19909","2016-10-29",82,55
"19933","2016-10-30",84,54
"19934","2016-10-30",84,54
"19958","2016-10-31",85,59
"19959","2016-10-31",85,59
"19983","2016-11-1",83,54
"19984","2016-11-1",83,54
"20008","2016-11-2",80,62
"20009","2016-11-2",80,62
"20033","2016-11-3",82,60
"20034","2016-11-3",82,60
"20060","2016-11-4",75,52
"20061","2016-11-4",75,51
"20085","2016-11-5",67,48
"20086","2016-11-5",67,48
"20110","2016-11-6",74,44
"20111","2016-11-6",74,44
"20135","2016-11-7",67,56
"20136","2016-11-7",67,55
"20172","2016-11-8",66,54
"20173","2016-11-8",66,54
"20199","2016-11-9",68,45
"20200","2016-11-9",68,44
"20224","2016-11-10",69,40
"20225","2016-11-10",69,40
"20249","2016-11-11",75,45
"20250","2016-11-11",75,45
"20274","2016-11-12",64,39
"20275","2016-11-12",64,39
"20299","2016-11-13",64,32
"20300","2016-11-13",64,32
"20324","2016-11-14",70,36
"20325","2016-11-14",70,36
"20349","2016-11-15",76,46
"20350","2016-11-15",76,46
"20374","2016-11-16",81,44
"20375","2016-11-16",81,44
"20399","2016-11-17",79,48
"20400","2016-11-17",79,48
"20433","2016-11-18",71,44
"20434","2016-11-18",71,44
"20458","2016-11-19",56,34
"20459","2016-11-19",56,34
"20485","2016-11-20",57,29
"20486","2016-11-20",57,29
"20510","2016-11-21",63,32
"20511","2016-11-21",63,32
"20540","2016-11-22",64,39
"20541","2016-11-22",64,39
"20573","2016-11-23",62,52
"20574","2016-11-23",62,52
"20600","2016-11-24",53,40
"20601","2016-11-24",53,40
"20655","2016-11-25",55,38
"20656","2016-11-25",55,38
"20713","2016-11-26",52,34
"20714","2016-11-26",52,34
"20756","2016-11-27",52,29
"20757","2016-11-27",52,32
"20805","2016-11-28",55,47
"20806","2016-11-28",55,47
"20837","2016-11-29",65,48
"20838","2016-11-29",65,48
"20862","2016-11-30",55,36
"20863","2016-11-30",55,36
"20888","2016-12-1",61,30
"20889","2016-12-1",61,30
"20913","2016-12-2",63,32
"20914","2016-12-2",63,32
"20942","2016-12-3",48,42
"20943","2016-12-3",48,42
"20979","2016-12-4",47,40
"20980","2016-12-4",47,40
"21015","2016-12-5",45,37
"21016","2016-12-5",45,37
"21048","2016-12-6",56,42
"21049","2016-12-6",56,42
"21075","2016-12-7",43,38
"21076","2016-12-7",43,38
"21100","2016-12-8",40,27
"21101","2016-12-8",40,27
"21125","2016-12-9",38,20
"21126","2016-12-9",38,20
"21150","2016-12-10",44,23
"21151","2016-12-10",44,23
"21184","2016-12-11",59,41
"21185","2016-12-11",59,41
"21214","2016-12-12",55,41
"21215","2016-12-12",55,41
"21250","2016-12-13",57,39
"21251","2016-12-13",57,39
"21282","2016-12-14",46,35
"21283","2016-12-14",46,35
"21307","2016-12-15",38,26
"21308","2016-12-15",38,26
"21340","2016-12-16",59,25
"21341","2016-12-16",59,25
"21378","2016-12-17",77,31
"21379","2016-12-17",77,31
"21408","2016-12-18",31,20
"21409","2016-12-18",31,20
"21433","2016-12-19",35,12
"21434","2016-12-19",35,12
"21458","2016-12-20",47,16
"21459","2016-12-20",47,16
"21483","2016-12-21",63,34
"21484","2016-12-21",63,34
"21508","2016-12-22",54,33
"21509","2016-12-22",54,33
"21551","2016-12-23",49,34
"21552","2016-12-23",49,34
"21598","2016-12-24",54,49
"21599","2016-12-24",54,49
"21634","2016-12-25",67,51
"21635","2016-12-25",67,51
"21663","2016-12-26",75,59
"21664","2016-12-26",75,59
"21689","2016-12-27",60,37
"21690","2016-12-27",60,37
"21732","2016-12-28",53,36
"21733","2016-12-28",53,36
"21757","2016-12-29",57,39
"21758","2016-12-29",57,39
"21782","2016-12-30",57,29
"21783","2016-12-30",57,29
"21826","2016-12-31",47,41
"21827","2016-12-31",47,41
"21868","2017-1-1",46,43
"21869","2017-1-1",46,43
"21915","2017-1-2",56,45
"21916","2017-1-2",56,45
"21960","2017-1-3",57,40
"21961","2017-1-3",57,40
"21986","2017-1-4",41,26
"21987","2017-1-4",41,26
"22017","2017-1-5",37,29
"22018","2017-1-5",37,29
"22057","2017-1-6",28,18
"22058","2017-1-6",29,18
"22082","2017-1-7",31,12
"22083","2017-1-7",31,12
"22107","2017-1-8",33,13
"22108","2017-1-8",33,13
"22133","2017-1-9",50,20
"22134","2017-1-9",50,20
"22159","2017-1-10",71,50
"22160","2017-1-10",71,50
"22192","2017-1-11",73,55
"22193","2017-1-11",73,55
"22221","2017-1-12",75,54
"22222","2017-1-12",75,54
"22257","2017-1-13",54,39
"22258","2017-1-13",54,39
"22291","2017-1-14",46,39
"22292","2017-1-14",46,39
"22330","2017-1-15",46,41
"22331","2017-1-15",46,41
"22380","2017-1-16",67,44
"22381","2017-1-16",67,44
"22407","2017-1-17",57,46
"22408","2017-1-17",57,46
"22453","2017-1-18",49,43
"22454","2017-1-18",49,43
"22497","2017-1-19",54,46
"22498","2017-1-19",54,46
"22526","2017-1-20",69,48
"22527","2017-1-20",69,48
"22555","2017-1-21",69,45
"22556","2017-1-21",69,45
"22589","2017-1-22",56,48
"22590","2017-1-22",56,48
"22618","2017-1-23",57,39
"22619","2017-1-23",57,39
"22649","2017-1-24",66,34
"22650","2017-1-24",66,34
"22676","2017-1-25",62,43
"22677","2017-1-25",62,43
"22702","2017-1-26",48,34
"22726","2017-1-27",52,27
"22727","2017-1-27",52,27
"22751","2017-1-28",56,30
"22752","2017-1-28",56,30
"22776","2017-1-29",57,36
"22777","2017-1-29",57,36
"22801","2017-1-30",68,31
"22802","2017-1-30",68,31
"22826","2017-1-31",75,38
"22827","2017-1-31",75,38
"22857","2017-2-1",67,45
"22858","2017-2-1",67,45
"22883","2017-2-2",52,37
"22884","2017-2-2",52,37
"22908","2017-2-3",48,31
"22909","2017-2-3",48,31
"22934","2017-2-4",42,24
"22935","2017-2-4",42,24
"22968","2017-2-5",57,39
"22969","2017-2-5",57,39
"23010","2017-2-6",73,50
"23011","2017-2-6",73,50
"23044","2017-2-7",80,54
"23045","2017-2-7",80,54
"23069","2017-2-8",74,35
"23070","2017-2-8",74,35
"23094","2017-2-9",46,29
"23095","2017-2-9",46,29
"23119","2017-2-10",71,32
"23120","2017-2-10",71,32
"23149","2017-2-11",79,63
"23150","2017-2-11",79,63
"23177","2017-2-12",72,50
"23178","2017-2-12",72,50
"23202","2017-2-13",56,39
"23203","2017-2-13",56,39
"23245","2017-2-14",50,39
"23246","2017-2-14",50,39
"23271","2017-2-15",57,38
"23272","2017-2-15",57,38
"23296","2017-2-16",64,31
"23297","2017-2-16",64,31
"23321","2017-2-17",69,35
"23322","2017-2-17",69,35
"23356","2017-2-18",65,48
"23357","2017-2-18",65,48
"23405","2017-2-19",76,45
"23406","2017-2-19",76,45
"23435","2017-2-20",79,50
"23436","2017-2-20",79,50
"23478","2017-2-21",62,57
"23479","2017-2-21",62,57
"23523","2017-2-22",62,51
"23524","2017-2-22",62,51
"23559","2017-2-23",79,47
"23560","2017-2-23",79,47
"23589","2017-2-24",70,47
"23590","2017-2-24",70,47
"23614","2017-2-25",52,32
"23615","2017-2-25",52,32
"23641","2017-2-26",59,31
"23642","2017-2-26",59,31
"23677","2017-2-27",59,43
"23678","2017-2-27",59,43
"23714","2017-2-28",81,57
"23715","2017-2-28",81,57
"23751","2017-3-1",70,45
"23752","2017-3-1",70,45
"23777","2017-3-2",62,35
"23778","2017-3-2",62,35
"23802","2017-3-3",59,36
"23803","2017-3-3",59,36
"23827","2017-3-4",70,35
"23828","2017-3-4",70,35
"23859","2017-3-5",59,47
"23860","2017-3-5",59,47
"23904","2017-3-6",72,53
"23905","2017-3-6",72,53
"23943","2017-3-7",68,41
"23944","2017-3-7",68,41
"23968","2017-3-8",69,36
"23969","2017-3-8",69,36
"23997","2017-3-9",73,44
"23998","2017-3-9",73,44
"24028","2017-3-10",65,44
"24029","2017-3-10",65,44
"24060","2017-3-11",46,34
"24061","2017-3-11",46,34
"24089","2017-3-12",50,31
"24090","2017-3-12",50,31
"24122","2017-3-13",56,32
"24123","2017-3-13",56,32
"24157","2017-3-14",45,35
"24158","2017-3-14",45,35
"24182","2017-3-15",44,28
"24183","2017-3-15",44,28
"24210","2017-3-16",51,39
"24211","2017-3-16",51,39
"24237","2017-3-17",76,49
"24265","2017-3-18",79,54
"24266","2017-3-18",79,53
"24290","2017-3-19",75,49
"24291","2017-3-19",75,49
"24318","2017-3-20",85,52
"24319","2017-3-20",85,52
"24346","2017-3-21",86,54
"24347","2017-3-21",86,54
"24373","2017-3-22",64,48
"24374","2017-3-22",64,48
"24398","2017-3-23",83,45
"24399","2017-3-23",83,45
"24433","2017-3-24",77,58
"24434","2017-3-24",77,58
"24460","2017-3-25",72,50
"24461","2017-3-25",72,50
"24485","2017-3-26",77,45
"24486","2017-3-26",77,45
"24521","2017-3-27",81,56
"24522","2017-3-27",81,56
"24551","2017-3-28",76,53
"24552","2017-3-28",76,53
"24577","2017-3-29",81,57
"24578","2017-3-29",81,57
"24606","2017-3-30",66,53
"24607","2017-3-30",66,53
"24631","2017-3-31",75,46
"24632","2017-3-31",75,46
"24656","2017-4-1",71,50
"24657","2017-4-1",71,50
"24692","2017-4-2",70,54
"24693","2017-4-2",70,54
"24723","2017-4-3",75,55
"24724","2017-4-3",75,55
"24748","2017-4-4",82,51
"24749","2017-4-4",82,51
"24773","2017-4-5",70,46
"24774","2017-4-5",70,46
"24798","2017-4-6",68,44
"24799","2017-4-6",68,44
"24823","2017-4-7",70,42
"24824","2017-4-7",70,42
"24848","2017-4-8",79,44
"24849","2017-4-8",79,44
"24876","2017-4-9",81,58
"24877","2017-4-9",81,58
"24912","2017-4-10",76,62
"24913","2017-4-10",76,62
"24944","2017-4-11",66,53
"24945","2017-4-11",66,53
"24969","2017-4-12",77,51
"24970","2017-4-12",77,51
"24994","2017-4-13",83,57
"24995","2017-4-13",83,57
"25019","2017-4-14",83,61
"25020","2017-4-14",83,61
"25045","2017-4-15",81,60
"25046","2017-4-15",81,60
"25073","2017-4-16",79,63
"25074","2017-4-16",79,63
"25109","2017-4-17",75,62
"25110","2017-4-17",75,62
"25140","2017-4-18",79,63
"25141","2017-4-18",79,63
"25165","2017-4-19",83,60
"25166","2017-4-19",83,60
"25190","2017-4-20",83,63
"25191","2017-4-20",83,63
"25236","2017-4-21",72,57
"25237","2017-4-21",72,57
"25277","2017-4-22",60,50
"25278","2017-4-22",60,50
"25303","2017-4-23",72,49
"25304","2017-4-23",72,49
"25328","2017-4-24",76,45
"25329","2017-4-24",76,45
"25353","2017-4-25",81,49
"25354","2017-4-25",81,49
"25407","2017-4-26",73,51
"25408","2017-4-26",73,51
"25433","2017-4-27",68,44
"25434","2017-4-27",68,44
"25462","2017-4-28",83,54
"25463","2017-4-28",83,54
"25509","2017-4-29",85,64
"25511","2017-4-29",85,64
"25562","2017-4-30",71,52
"25563","2017-4-30",71,53
"25587","2017-5-1",75,47
"25588","2017-5-1",75,47
"25612","2017-5-2",80,46
"25613","2017-5-2",80,46
"25664","2017-5-3",70,56
"25666","2017-5-3",70,56
"25693","2017-5-4",56,48
"25694","2017-5-4",56,48
"25718","2017-5-5",74,51
"25719","2017-5-5",74,51
"25743","2017-5-6",80,48
"25744","2017-5-6",80,48
"25768","2017-5-7",78,54
"25769","2017-5-7",78,54
"25793","2017-5-8",84,56
"25794","2017-5-8",84,56
"25818","2017-5-9",84,58
"25819","2017-5-9",84,58
"25846","2017-5-10",83,62
"25847","2017-5-10",83,62
"25882","2017-5-11",81,64
"25883","2017-5-11",81,64
"25935","2017-5-12",72,61
"25936","2017-5-12",72,61
"25960","2017-5-13",77,55
"25961","2017-5-13",77,55
"25985","2017-5-14",80,53
"25986","2017-5-14",80,53
"26010","2017-5-15",84,58
"26011","2017-5-15",84,58
"26035","2017-5-16",86,63
"26036","2017-5-16",86,63
"26063","2017-5-17",82,66
"26064","2017-5-17",82,66
"26092","2017-5-18",87,69
"26093","2017-5-18",87,69
"26127","2017-5-19",87,65
"26128","2017-5-19",87,65
"26167","2017-5-20",78,63
"26168","2017-5-20",78,63
"26193","2017-5-21",79,59
"26194","2017-5-21",79,59
"26218","2017-5-22",72,58
"26219","2017-5-22",72,58
"26243","2017-5-23",79,60
"26244","2017-5-23",79,60
"26268","2017-5-24",72,53
"26269","2017-5-24",72,53
"26293","2017-5-25",80,50
"26294","2017-5-25",80,50
"26325","2017-5-26",82,65
"26326","2017-5-26",82,65
"26358","2017-5-27",89,74
"26359","2017-5-27",89,74
"26401","2017-5-28",82,64
"26402","2017-5-28",82,64
"26426","2017-5-29",85,63
"26427","2017-5-29",85,63
"26461","2017-5-30",87,62
"26462","2017-5-30",87,62
"26486","2017-5-31",87,61
"26487","2017-5-31",87,61
"26514","2017-6-1",83,65
"26515","2017-6-1",83,65
"26553","2017-6-2",82,65
"26554","2017-6-2",82,65
"26601","2017-6-3",86,68
"26602","2017-6-3",86,68
"26659","2017-6-4",80,70
"26660","2017-6-4",80,70
"26706","2017-6-5",78,69
"26707","2017-6-5",78,69
"26732","2017-6-6",89,67
"26733","2017-6-6",89,67
"26757","2017-6-7",83,62
"26758","2017-6-7",83,62
"26782","2017-6-8",83,59
"26783","2017-6-8",83,59
"26808","2017-6-9",84,57
"26809","2017-6-9",84,57
"26833","2017-6-10",86,60
"26834","2017-6-10",86,60
"26858","2017-6-11",89,66
"26859","2017-6-11",89,66
"26894","2017-6-12",88,71
"26895","2017-6-12",88,71
"26926","2017-6-13",87,69
"26927","2017-6-13",87,69
"26956","2017-6-14",91,72
"26957","2017-6-14",91,72
"26987","2017-6-15",87,69
"26988","2017-6-15",87,69
"27012","2017-6-16",92,72
"27013","2017-6-16",92,72
"27039","2017-6-17",88,68
"27040","2017-6-17",88,68
"27079","2017-6-18",83,71
"27080","2017-6-18",83,71
"27112","2017-6-19",88,63
"27113","2017-6-19",88,63
"27137","2017-6-20",90,66
"27138","2017-6-20",90,66
"27169","2017-6-21",87,67
"27170","2017-6-21",87,67
"27218","2017-6-22",86,74
"27219","2017-6-22",86,74
"27261","2017-6-23",90,70
"27262","2017-6-23",90,70
"27286","2017-6-24",83,68
"27287","2017-6-24",83,68
"27311","2017-6-25",85,65
"27312","2017-6-25",85,65
"27336","2017-6-26",84,66
"27337","2017-6-26",84,66
"27361","2017-6-27",85,63
"27362","2017-6-27",85,63
"27386","2017-6-28",88,67
"27387","2017-6-28",88,67
"27419","2017-6-29",88,71
"27459","2017-6-30",88,69
"27460","2017-6-30",88,69
"27492","2017-7-1",91,68
"27493","2017-7-1",91,68
"27522","2017-7-2",89,68
"27523","2017-7-2",89,68
"27568","2017-7-3",87,70
"27569","2017-7-3",87,70
"27609","2017-7-4",88,73
"27610","2017-7-4",88,73
"27650","2017-7-5",84,71
"27651","2017-7-5",84,71
"27694","2017-7-6",91,72
"27695","2017-7-6",91,72
"27719","2017-7-7",94,72
"27720","2017-7-7",94,72
"27752","2017-7-8",90,69
"27753","2017-7-8",90,69
"27777","2017-7-9",89,71
"27778","2017-7-9",89,71
"27802","2017-7-10",91,69
"27803","2017-7-10",91,69
"27827","2017-7-11",92,72
"27828","2017-7-11",92,72
"27852","2017-7-12",92,74
"27853","2017-7-12",92,74
"27883","2017-7-13",93,73
"27884","2017-7-13",93,73
"27917","2017-7-14",92,73
"27918","2017-7-14",92,73
"27942","2017-7-15",91,72
"27943","2017-7-15",91,72
"27969","2017-7-16",91,74
"27970","2017-7-16",91,74
"27994","2017-7-17",92,72
"27995","2017-7-17",92,72
"28019","2017-7-18",94,71
"28020","2017-7-18",94,71
"28044","2017-7-19",95,75
"28045","2017-7-19",95,75
"28069","2017-7-20",96,77
"28070","2017-7-20",96,77
"28094","2017-7-21",96,77
"28095","2017-7-21",96,77
"28119","2017-7-22",96,76
"28120","2017-7-22",96,76
"28160","2017-7-23",96,71
"28161","2017-7-23",96,71
"28185","2017-7-24",92,71
"28186","2017-7-24",92,71
"28210","2017-7-25",94,76
"28211","2017-7-25",94,76
"28235","2017-7-26",95,76
"28236","2017-7-26",95,76
"28260","2017-7-27",95,76
"28261","2017-7-27",95,76
"28294","2017-7-28",86,75
"28295","2017-7-28",86,75
"28319","2017-7-29",88,69
"28320","2017-7-29",88,69
"28344","2017-7-30",86,66
"28345","2017-7-30",86,66
"28369","2017-7-31",88,66
"28370","2017-7-31",88,66
"28399","2017-8-1",86,71
"28400","2017-8-1",86,70
"28426","2017-8-2",83,69
"28427","2017-8-2",83,69
"28451","2017-8-3",88,69
"28452","2017-8-3",88,69
"28476","2017-8-4",85,72
"28477","2017-8-4",85,72
"28501","2017-8-5",86,71
"28502","2017-8-5",86,71
"28535","2017-8-6",81,71
"28536","2017-8-6",81,71
"28568","2017-8-7",79,70
"28569","2017-8-7",79,70
"28597","2017-8-8",86,68
"28598","2017-8-8",86,68
"28622","2017-8-9",88,70
"28623","2017-8-9",88,70
"28647","2017-8-10",90,71
"28648","2017-8-10",90,71
"28681","2017-8-11",86,72
"28682","2017-8-11",86,72
"28711","2017-8-12",87,72
"28712","2017-8-12",87,72
"28757","2017-8-13",78,69
"28758","2017-8-13",78,69
"28793","2017-8-14",80,73
"28794","2017-8-14",80,73
"28824","2017-8-15",89,73
"28825","2017-8-15",89,73
"28852","2017-8-16",92,75
"28853","2017-8-16",92,75
"28886","2017-8-17",89,74
"28887","2017-8-17",89,74
"28922","2017-8-18",92,71
"28923","2017-8-18",92,71
"28947","2017-8-19",93,70
"28948","2017-8-19",93,70
"28973","2017-8-20",95,76
"28974","2017-8-20",95,76
"28998","2017-8-21",92,75
"28999","2017-8-21",92,75
"29023","2017-8-22",93,74
"29024","2017-8-22",93,74
"29049","2017-8-23",84,70
"29050","2017-8-23",84,70
"29074","2017-8-24",84,65
"29075","2017-8-24",84,65
"29099","2017-8-25",85,63
"29100","2017-8-25",85,63
"29124","2017-8-26",81,68
"29125","2017-8-26",81,68
"29150","2017-8-27",87,71
"29151","2017-8-27",87,71
"29177","2017-8-28",85,70
"29178","2017-8-28",85,70
"29207","2017-8-29",85,67
"29208","2017-8-29",85,67
"29235","2017-8-30",82,69
"29236","2017-8-30",82,69
"29271","2017-8-31",76,69
"29272","2017-8-31",76,69
"29296","2017-9-1",84,66
"29297","2017-9-1",84,66
"29322","2017-9-2",83,62
"29323","2017-9-2",83,62
"29347","2017-9-3",89,65
"29348","2017-9-3",89,65
"29372","2017-9-4",90,70
"29373","2017-9-4",90,70
"29403","2017-9-5",80,62
"29404","2017-9-5",80,62
"29428","2017-9-6",78,57
"29429","2017-9-6",78,57
"29453","2017-9-7",78,53
"29454","2017-9-7",78,53
"29478","2017-9-8",82,55
"29479","2017-9-8",82,55
"29503","2017-9-9",82,58
"29504","2017-9-9",82,58
"29528","2017-9-10",83,59
"29529","2017-9-10",83,59
"29553","2017-9-11",81,57
"29554","2017-9-11",81,57
"29578","2017-9-12",66,62
"29579","2017-9-12",66,62
"29603","2017-9-13",82,63
"29604","2017-9-13",82,63
"29628","2017-9-14",87,60
"29629","2017-9-14",87,60
"29654","2017-9-15",87,62
"29655","2017-9-15",87,62
"29679","2017-9-16",90,65
"29680","2017-9-16",90,65
"29704","2017-9-17",92,68
"29705","2017-9-17",92,68
"29731","2017-9-18",91,70
"29732","2017-9-18",91,70
"29764","2017-9-19",90,69
"29765","2017-9-19",90,69
"29790","2017-9-20",92,71
"29791","2017-9-20",92,71
"29818","2017-9-21",91,71
"29819","2017-9-21",91,71
"29843","2017-9-22",93,71
"29844","2017-9-22",93,71
"29868","2017-9-23",92,70
"29869","2017-9-23",92,70
"29893","2017-9-24",91,69
"29894","2017-9-24",91,69
"29918","2017-9-25",89,66
"29919","2017-9-25",89,66
"29943","2017-9-26",88,66
"29944","2017-9-26",88,66
"29968","2017-9-27",89,70
"29969","2017-9-27",89,70
"29993","2017-9-28",84,65
"29994","2017-9-28",84,65
"30018","2017-9-29",83,62
"30019","2017-9-29",83,62
"30043","2017-9-30",82,58
"30044","2017-9-30",82,58
"30069","2017-10-1",83,56
"30070","2017-10-1",83,56
"30105","2017-10-2",83,66
"30106","2017-10-2",83,66
"30136","2017-10-3",82,69
"30137","2017-10-3",82,69
"30161","2017-10-4",85,66
"30162","2017-10-4",85,66
"30186","2017-10-5",85,63
"30187","2017-10-5",85,63
"30212","2017-10-6",85,61
"30213","2017-10-6",85,61
"30237","2017-10-7",90,65
"30238","2017-10-7",90,65
"30270","2017-10-8",89,69
"30271","2017-10-8",89,69
"30295","2017-10-9",91,68
"30296","2017-10-9",91,68
"30327","2017-10-10",85,55
"30328","2017-10-10",85,55
"30354","2017-10-11",69,53
"30355","2017-10-11",69,53
"30380","2017-10-12",77,50
"30381","2017-10-12",77,50
"30405","2017-10-13",85,57
"30406","2017-10-13",85,57
"30430","2017-10-14",90,61
"30431","2017-10-14",90,61
"30471","2017-10-15",76,53
"30472","2017-10-15",76,53
"30496","2017-10-16",69,46
"30497","2017-10-16",69,46
"30521","2017-10-17",72,42
"30522","2017-10-17",72,42
"30551","2017-10-18",77,44
"30552","2017-10-18",77,44
"30576","2017-10-19",79,47
"30577","2017-10-19",79,47
"30603","2017-10-20",75,50
"30604","2017-10-20",75,50
"30633","2017-10-21",81,57
"30634","2017-10-21",81,57
"30674","2017-10-22",74,53
"30675","2017-10-22",74,53
"30699","2017-10-23",76,44
"30700","2017-10-23",76,44
"30724","2017-10-24",66,47
"30725","2017-10-24",66,46
"30749","2017-10-25",71,38
"30750","2017-10-25",71,38
"30774","2017-10-26",80,43
"30775","2017-10-26",80,43
"30805","2017-10-27",61,39
"30806","2017-10-27",61,39
"30830","2017-10-28",51,31
"30831","2017-10-28",51,31
"30855","2017-10-29",63,28
"30856","2017-10-29",63,28
"30880","2017-10-30",73,37
"30881","2017-10-30",73,37
"30907","2017-10-31",49,40
"30908","2017-10-31",49,40
"30946","2017-11-1",67,44
"30947","2017-11-1",67,44
"30977","2017-11-2",83,64
"30978","2017-11-2",83,64
"31022","2017-11-3",85,62
"31023","2017-11-3",85,62
"31069","2017-11-4",83,59
"31070","2017-11-4",83,59
"31100","2017-11-5",80,69
"31101","2017-11-5",80,69
"31138","2017-11-6",71,54
"31139","2017-11-6",71,54
"31170","2017-11-7",56,49
"31171","2017-11-7",56,49
"31199","2017-11-8",52,44
"31200","2017-11-8",52,44
"31224","2017-11-9",64,38
"31225","2017-11-9",64,38
"31249","2017-11-10",58,37
"31250","2017-11-10",58,37
"31274","2017-11-11",63,33
"31275","2017-11-11",63,33
"31299","2017-11-12",72,51
"31300","2017-11-12",72,51
"31324","2017-11-13",62,41
"31325","2017-11-13",62,41
"31349","2017-11-14",62,40
"31350","2017-11-14",62,40
"31397","2017-11-15",61,50
"31398","2017-11-15",61,50
"31432","2017-11-16",61,44
"31433","2017-11-16",61,44
"31461","2017-11-17",73,51
"31462","2017-11-17",73,51
"31491","2017-11-18",78,42
"31492","2017-11-18",78,42
"31516","2017-11-19",58,34
"31517","2017-11-19",58,34
"31541","2017-11-20",59,29
"31542","2017-11-20",59,29
"31568","2017-11-21",62,35
"31569","2017-11-21",62,35
"31593","2017-11-22",51,30
"31594","2017-11-22",51,30
"31618","2017-11-23",59,29
"31619","2017-11-23",59,29
"31643","2017-11-24",69,34
"31644","2017-11-24",69,34
"31668","2017-11-25",72,41
"31669","2017-11-25",72,41
"31693","2017-11-26",67,35
"31694","2017-11-26",67,35
"31718","2017-11-27",71,34
"31719","2017-11-27",71,34
"31743","2017-11-28",70,42
"31744","2017-11-28",70,42
"31770","2017-11-29",72,40
"31771","2017-11-29",72,40
"31795","2017-11-30",69,46
"31796","2017-11-30",69,45
"31820","2017-12-1",60,39
"31821","2017-12-1",60,39
"31845","2017-12-2",68,39
"31846","2017-12-2",68,39
"31870","2017-12-3",73,47
"31871","2017-12-3",73,47
"31907","2017-12-4",69,48
"31908","2017-12-4",69,48
"31935","2017-12-5",60,37
"31936","2017-12-5",60,37
"31960","2017-12-6",52,37
"31961","2017-12-6",52,37
"31985","2017-12-7",43,31
"31986","2017-12-7",43,31
"32010","2017-12-8",42,25
"32011","2017-12-8",42,25
"32035","2017-12-9",53,24
"32036","2017-12-9",53,24
"32060","2017-12-10",62,26
"32061","2017-12-10",62,26
"32085","2017-12-11",72,34
"32086","2017-12-11",72,34
"32110","2017-12-12",54,33
"32111","2017-12-12",54,33
"32135","2017-12-13",64,27
"32136","2017-12-13",64,27
"32160","2017-12-14",55,35
"32161","2017-12-14",55,35
"32185","2017-12-15",53,27
"32186","2017-12-15",53,27
"32210","2017-12-16",56,27
"32211","2017-12-16",56,27
"32251","2017-12-17",46,42
"32252","2017-12-17",46,42
"32282","2017-12-18",57,42
"32283","2017-12-18",57,42
"32333","2017-12-19",55,46
"32334","2017-12-19",56,46
"32376","2017-12-20",60,49
"32377","2017-12-20",60,49
"32419","2017-12-21",64,48
"32420","2017-12-21",64,48
"32485","2017-12-22",61,47
"32486","2017-12-22",61,47
"32515","2017-12-23",47,39
"32516","2017-12-23",47,39
"32547","2017-12-24",45,29
"32548","2017-12-24",45,29
"32572","2017-12-25",37,27
"32573","2017-12-25",37,27
"32597","2017-12-26",40,27
"32598","2017-12-26",40,27
"32622","2017-12-27",34,20
"32623","2017-12-27",34,20
"32647","2017-12-28",32,15
"32648","2017-12-28",32,15
"32673","2017-12-29",45,22
"32674","2017-12-29",45,22
"32701","2017-12-30",42,29
"32702","2017-12-30",42,29
"32731","2017-12-31",31,16
"32755","2018-1-1",24,10
"32756","2018-1-1",24,10
"32780","2018-1-2",23,11
"32781","2018-1-2",23,11
"32805","2018-1-3",40,14
"32806","2018-1-3",40,14
"32830","2018-1-4",38,22
"32831","2018-1-4",38,21
"32855","2018-1-5",50,16
"32856","2018-1-5",50,16
"32881","2018-1-6",39,21
"32882","2018-1-6",39,21
"32912","2018-1-7",48,24
"32913","2018-1-7",48,24
"32950","2018-1-8",47,41
"32951","2018-1-8",47,41
"32992","2018-1-9",46,41
"32993","2018-1-9",46,41
"33039","2018-1-10",58,43
"33040","2018-1-10",58,43
"33095","2018-1-11",65,31
"33096","2018-1-11",65,31
"33124","2018-1-12",39,23
"33125","2018-1-12",39,23
"33149","2018-1-13",35,21
"33150","2018-1-13",35,21
"33174","2018-1-14",34,23
"33175","2018-1-14",34,23
"33204","2018-1-15",48,21
"33205","2018-1-15",48,21
"33237","2018-1-16",22,9
"33238","2018-1-16",22,9
"33262","2018-1-17",28,7
"33263","2018-1-17",28,7
"33287","2018-1-18",41,12
"33288","2018-1-18",41,12
"33316","2018-1-19",45,21
"33317","2018-1-19",45,21
"33349","2018-1-20",61,36
"33350","2018-1-20",61,36
"33381","2018-1-21",66,59
"33383","2018-1-21",66,59
"33416","2018-1-22",65,43
"33417","2018-1-22",65,43
"33441","2018-1-23",53,38
"33442","2018-1-23",53,38
"33466","2018-1-24",58,27
"33467","2018-1-24",58,27
"33491","2018-1-25",64,27
"33492","2018-1-25",64,27
"33516","2018-1-26",65,28
"33517","2018-1-26",65,28
"33558","2018-1-27",59,44
"33559","2018-1-27",59,44
"33586","2018-1-28",60,35
"33587","2018-1-28",60,35
"33611","2018-1-29",50,26
"33612","2018-1-29",50,26
"33636","2018-1-30",43,23
"33637","2018-1-30",43,23
"33661","2018-1-31",67,29
"33662","2018-1-31",67,29
"33693","2018-2-1",52,34
"33694","2018-2-1",52,34
"33718","2018-2-2",39,25
"33719","2018-2-2",39,25
"33754","2018-2-3",48,25
"33755","2018-2-3",48,25
"33789","2018-2-4",59,28
"33790","2018-2-4",59,27
"33817","2018-2-5",43,20
"33818","2018-2-5",43,20
"33858","2018-2-6",43,32
"33859","2018-2-6",43,32
"33893","2018-2-7",43,27
"33894","2018-2-7",43,27
"33918","2018-2-8",50,24
"33919","2018-2-8",50,24
"33948","2018-2-9",64,28
"33949","2018-2-9",64,28
"34003","2018-2-10",54,38
"34004","2018-2-10",54,38
"34037","2018-2-11",38,30
"34038","2018-2-11",38,30
"34063","2018-2-12",46,27
"34064","2018-2-12",46,27
"34100","2018-2-13",44,28
"34101","2018-2-13",44,28
"34147","2018-2-14",58,42
"34148","2018-2-14",58,42
"34182","2018-2-15",77,58
"34183","2018-2-15",77,58
"34217","2018-2-16",69,44
"34218","2018-2-16",69,43
"34260","2018-2-17",50,34
"34261","2018-2-17",50,34
"34307","2018-2-18",51,33
"34308","2018-2-18",51,33
"34341","2018-2-19",77,51
"34342","2018-2-19",77,51
"34378","2018-2-20",81,60
"34379","2018-2-20",81,60
"34417","2018-2-21",60,37
"34418","2018-2-21",60,37
"34481","2018-2-22",47,37
"34482","2018-2-22",47,37
"34533","2018-2-23",55,47
"34534","2018-2-23",55,47
"34595","2018-2-24",72,52
"34596","2018-2-24",72,52
"34622","2018-2-25",54,40
"34623","2018-2-25",54,40
"34647","2018-2-26",63,35
"34648","2018-2-26",63,35
"34679","2018-2-27",64,36
"34680","2018-2-27",64,36
"34723","2018-2-28",63,52
"34724","2018-2-28",63,52
"34759","2018-3-1",67,47
"34760","2018-3-1",67,47
"34784","2018-3-2",60,39
"34785","2018-3-2",60,39
"34809","2018-3-3",61,36
"34810","2018-3-3",61,36
"34834","2018-3-4",56,39
"34835","2018-3-4",56,39
"34863","2018-3-5",76,50
"34864","2018-3-5",76,50
"34889","2018-3-6",64,37
"34890","2018-3-6",64,37
"34914","2018-3-7",54,31
"34915","2018-3-7",54,31
"34939","2018-3-8",59,31
"34940","2018-3-8",59,31
"34964","2018-3-9",72,34
"34965","2018-3-9",72,34
"35003","2018-3-10",72,53
"35004","2018-3-10",72,53
"35035","2018-3-11",66,44
"35036","2018-3-11",66,44
"35060","2018-3-12",58,36
"35061","2018-3-12",58,36
"35085","2018-3-13",60,33
"35086","2018-3-13",60,33
"35110","2018-3-14",63,32
"35111","2018-3-14",63,32
"35135","2018-3-15",74,35
"35136","2018-3-15",74,35
"35170","2018-3-16",76,54
"35171","2018-3-16",76,54
"35195","2018-3-17",81,50
"35196","2018-3-17",81,50
"35230","2018-3-18",61,48
"35231","2018-3-18",61,48
"35270","2018-3-19",75,49
"35271","2018-3-19",75,49
"35299","2018-3-20",59,47
"35300","2018-3-20",59,47
"35324","2018-3-21",63,41
"35325","2018-3-21",63,41
"35349","2018-3-22",69,37
"35350","2018-3-22",69,37
"35374","2018-3-23",76,47
"35375","2018-3-23",76,47
"35405","2018-3-24",79,60
"35406","2018-3-24",79,59
"35440","2018-3-25",60,46
"35441","2018-3-25",60,46
"35470","2018-3-26",82,49
"35471","2018-3-26",82,49
"35503","2018-3-27",83,62
"35504","2018-3-27",83,62
"35542","2018-3-28",65,58
"35543","2018-3-28",65,58
"35576","2018-3-29",70,51
"35577","2018-3-29",70,51
"35602","2018-3-30",66,43
"35603","2018-3-30",66,43
"35627","2018-3-31",77,43
"35628","2018-3-31",77,43
"35662","2018-4-1",64,43
"35663","2018-4-1",64,43
"35691","2018-4-2",57,39
"35692","2018-4-2",57,39
"35732","2018-4-3",83,45
"35733","2018-4-3",83,44
"35757","2018-4-4",57,35
"35758","2018-4-4",57,35
"35785","2018-4-5",60,37
"35786","2018-4-5",60,37
"35838","2018-4-6",56,48
"35839","2018-4-6",56,48
"35869","2018-4-7",48,31
"35870","2018-4-7",48,31
"35894","2018-4-8",51,28
"35895","2018-4-8",51,28
"35919","2018-4-9",62,36
"35920","2018-4-9",62,36
"35944","2018-4-10",64,41
"35945","2018-4-10",64,41
"35969","2018-4-11",76,39
"35970","2018-4-11",76,39
"35994","2018-4-12",83,53
"35995","2018-4-12",83,53
"36044","2018-4-13",78,59
"36045","2018-4-13",78,59
"36081","2018-4-14",61,40
"36082","2018-4-14",61,40
"36106","2018-4-15",51,39
"36107","2018-4-15",51,39
"36131","2018-4-16",67,32
"36132","2018-4-16",67,32
"36156","2018-4-17",85,42
"36157","2018-4-17",85,42
"36182","2018-4-18",84,56
"36183","2018-4-18",84,55
"36207","2018-4-19",62,43
"36208","2018-4-19",62,43
"36232","2018-4-20",68,38
"36233","2018-4-20",68,38
"36261","2018-4-21",73,46
"36262","2018-4-21",73,46
"36309","2018-4-22",68,53
"36310","2018-4-22",68,53
"36339","2018-4-23",63,52
"36340","2018-4-23",63,52
"36369","2018-4-24",80,50
"36403","2018-4-25",73,53
"36404","2018-4-25",73,53
"36442","2018-4-26",69,52
"36443","2018-4-26",69,52
"36467","2018-4-27",78,50
"36468","2018-4-27",78,50
"36492","2018-4-28",84,47
"36493","2018-4-28",84,47
"36517","2018-4-29",71,48
"36518","2018-4-29",71,48
"36542","2018-4-30",80,48
"36543","2018-4-30",80,48
"36567","2018-5-1",83,56
"36568","2018-5-1",83,56
"36598","2018-5-2",84,61
"36599","2018-5-2",84,61
"36630","2018-5-3",82,66
"36631","2018-5-3",82,66
"36659","2018-5-4",76,65
"36660","2018-5-4",76,65
"36687","2018-5-5",82,61
"36688","2018-5-5",82,61
"36715","2018-5-6",88,57
"36716","2018-5-6",88,57
"36740","2018-5-7",88,58
"36741","2018-5-7",88,58
"36766","2018-5-8",91,61
"36791","2018-5-9",89,66
"36815","2018-5-10",88,61
"36816","2018-5-10",88,61
"36841","2018-5-11",89,64
"36842","2018-5-11",89,64
"36866","2018-5-12",89,64
"36867","2018-5-12",89,64
"36891","2018-5-13",91,64
"36892","2018-5-13",91,64
"36916","2018-5-14",92,68
"36917","2018-5-14",92,68
"36949","2018-5-15",86,67
"36950","2018-5-15",86,67
"36976","2018-5-16",90,66
"36977","2018-5-16",90,66
"37009","2018-5-17",84,65
"37010","2018-5-17",84,65
"37034","2018-5-18",88,63
"37035","2018-5-18",88,63
"37059","2018-5-19",92,68
"37060","2018-5-19",92,68
"37088","2018-5-20",91,69
"37089","2018-5-20",91,69
"37126","2018-5-21",82,69
"37127","2018-5-21",82,69
"37168","2018-5-22",84,69
"37169","2018-5-22",84,69
"37205","2018-5-23",88,67
"37206","2018-5-23",88,67
"37238","2018-5-24",88,66
"37239","2018-5-24",88,66
"37268","2018-5-25",87,68
"37269","2018-5-25",87,68
"37306","2018-5-26",86,67
"37307","2018-5-26",86,67
"37331","2018-5-27",89,67
"37332","2018-5-27",89,67
"37356","2018-5-28",91,71
"37357","2018-5-28",91,71
"37381","2018-5-29",88,70
"37382","2018-5-29",88,70
"37408","2018-5-30",92,71
"37409","2018-5-30",92,71
"37433","2018-5-31",90,73
"37434","2018-5-31",90,73
"37468","2018-6-1",92,72
"37469","2018-6-1",92,72
"37497","2018-6-2",93,71
"37498","2018-6-2",93,71
"37524","2018-6-3",86,67
"37525","2018-6-3",86,67
"37549","2018-6-4",86,62
"37550","2018-6-4",86,62
"37574","2018-6-5",88,67
"37575","2018-6-5",88,67
"37599","2018-6-6",89,65
"37600","2018-6-6",89,65
"37624","2018-6-7",91,67
"37625","2018-6-7",91,67
"37652","2018-6-8",90,71
"37653","2018-6-8",90,71
"37679","2018-6-9",91,68
"37680","2018-6-9",91,68
"37704","2018-6-10",92,68
"37705","2018-6-10",92,68
"37734","2018-6-11",89,71
"37735","2018-6-11",89,71
"37764","2018-6-12",92,72
"37765","2018-6-12",92,72
"37801","2018-6-13",92,71
"37802","2018-6-13",92,71
"37826","2018-6-14",93,69
"37827","2018-6-14",93,69
"37851","2018-6-15",92,73
"37852","2018-6-15",92,73
"37876","2018-6-16",93,74
"37877","2018-6-16",93,74
"37901","2018-6-17",91,74
"37902","2018-6-17",91,74
"37933","2018-6-18",89,72
"37934","2018-6-18",89,72
"37958","2018-6-19",88,69
"37959","2018-6-19",88,69
"37988","2018-6-20",80,71
"37989","2018-6-20",80,71
"38023","2018-6-21",92,72
"38024","2018-6-21",92,72
"38048","2018-6-22",93,70
"38049","2018-6-22",93,70
"38085","2018-6-23",88,70
"38086","2018-6-23",88,70
"38118","2018-6-24",90,70
"38119","2018-6-24",90,70
"38145","2018-6-25",91,68
"38146","2018-6-25",91,68
"38170","2018-6-26",94,77
"38171","2018-6-26",94,77
"38195","2018-6-27",96,78
"38196","2018-6-27",96,78
"38220","2018-6-28",97,75
"38221","2018-6-28",97,75
"38247","2018-6-29",94,72
"38248","2018-6-29",94,72
"38272","2018-6-30",96,75
"38273","2018-6-30",96,75
"38301","2018-7-1",96,74
"38302","2018-7-1",96,74
"38327","2018-7-2",95,75
"38351","2018-7-3",93,76
"38352","2018-7-3",93,76
"38377","2018-7-4",94,75
"38378","2018-7-4",94,75
"38402","2018-7-5",95,77
"38403","2018-7-5",95,77
"38434","2018-7-6",96,72
"38435","2018-7-6",96,72
"38459","2018-7-7",93,72
"38460","2018-7-7",93,72
"38490","2018-7-8",92,73
"38491","2018-7-8",92,73
"38519","2018-7-9",91,71
"38520","2018-7-9",91,71
"38544","2018-7-10",94,73
"38545","2018-7-10",94,73
"38569","2018-7-11",96,75
"38570","2018-7-11",96,75
"38594","2018-7-12",97,75
"38595","2018-7-12",97,75
"38619","2018-7-13",99,75
"38620","2018-7-13",99,75
"38646","2018-7-14",100,75
"38647","2018-7-14",100,75
"38679","2018-7-15",101,74
"38680","2018-7-15",101,74
"38706","2018-7-16",93,74
"38707","2018-7-16",93,74
"38742","2018-7-17",96,74
"38743","2018-7-17",96,74
"38771","2018-7-18",86,73
"38772","2018-7-18",86,73
"38805","2018-7-19",97,75
"38806","2018-7-19",97,75
"38842","2018-7-20",97,76
"38843","2018-7-20",97,76
"38879","2018-7-21",95,73
"38880","2018-7-21",95,73
"38904","2018-7-22",93,69
"38905","2018-7-22",93,69
"38929","2018-7-23",89,72
"38930","2018-7-23",89,72
"38954","2018-7-24",93,70
"38955","2018-7-24",93,70
"38979","2018-7-25",93,72
"38980","2018-7-25",93,72
"39008","2018-7-26",96,69
"39010","2018-7-26",96,69
"39039","2018-7-27",86,70
"39040","2018-7-27",86,70
"39072","2018-7-28",79,71
"39073","2018-7-28",79,71
"39109","2018-7-29",84,70
"39110","2018-7-29",84,70
"39140","2018-7-30",80,69
"39141","2018-7-30",80,69
"39168","2018-7-31",86,67
"39169","2018-7-31",86,67
"39193","2018-8-1",88,65
"39194","2018-8-1",88,65
"39219","2018-8-2",90,65
"39220","2018-8-2",90,65
"39244","2018-8-3",90,67
"39245","2018-8-3",90,67
"39269","2018-8-4",91,70
"39270","2018-8-4",91,70
"39294","2018-8-5",94,73
"39295","2018-8-5",94,73
"39323","2018-8-6",96,72
"39324","2018-8-6",96,72
"39355","2018-8-7",97,71
"39356","2018-8-7",97,71
"39393","2018-8-8",86,70
"39394","2018-8-8",86,70
"39439","2018-8-9",82,70
"39440","2018-8-9",82,70
"39464","2018-8-10",93,69
"39465","2018-8-10",93,69
"39489","2018-8-11",95,71
"39490","2018-8-11",95,71
"39520","2018-8-12",91,71
"39521","2018-8-12",91,71
"39552","2018-8-13",81,71
"39553","2018-8-13",81,71
"39585","2018-8-14",86,71
"39586","2018-8-14",86,71
"39610","2018-8-15",86,74
"39611","2018-8-15",86,74
"39635","2018-8-16",94,76
"39636","2018-8-16",94,76
"39694","2018-8-17",84,69
"39696","2018-8-17",84,69
"39734","2018-8-18",88,70
"39735","2018-8-18",88,70
"39778","2018-8-19",87,71
"39779","2018-8-19",87,71
"39824","2018-8-20",90,70
"39850","2018-8-21",84,66
"39851","2018-8-21",84,66
"39875","2018-8-22",87,68
"39876","2018-8-22",87,68
"39900","2018-8-23",83,66
"39901","2018-8-23",83,66
"39925","2018-8-24",90,65
"39926","2018-8-24",90,65
"39950","2018-8-25",93,69
"39951","2018-8-25",93,69
"39975","2018-8-26",91,71
"39976","2018-8-26",91,71
"40000","2018-8-27",91,72
"40001","2018-8-27",91,72
"40027","2018-8-28",91,73
"40028","2018-8-28",91,73
"40059","2018-8-29",90,74
"40060","2018-8-29",90,74
"40095","2018-8-30",91,72
"40096","2018-8-30",91,72
"40126","2018-8-31",92,70
"40127","2018-8-31",92,70
"40155","2018-9-1",90,71
"40156","2018-9-1",90,71
"40187","2018-9-2",90,72
"40188","2018-9-2",90,72
"40214","2018-9-3",92,72
"40215","2018-9-3",92,72
"40240","2018-9-4",91,72
"40241","2018-9-4",91,72
"40267","2018-9-5",91,71
"40268","2018-9-5",91,71
"40318","2018-9-6",80,73
"40319","2018-9-6",80,73
"40386","2018-9-7",81,73
"40387","2018-9-7",81,73
"40435","2018-9-8",87,72
"40436","2018-9-8",87,72
"40480","2018-9-9",75,67
"40481","2018-9-9",75,67
"40512","2018-9-10",79,65
"40513","2018-9-10",79,65
"40537","2018-9-11",76,65
"40538","2018-9-11",76,65
"40571","2018-9-12",78,67
"40572","2018-9-12",78,67
"40596","2018-9-13",88,65
"40597","2018-9-13",88,65
"40621","2018-9-14",91,71
"40622","2018-9-14",91,71
"40646","2018-9-15",91,72
"40647","2018-9-15",91,72
"40672","2018-9-16",92,71
"40697","2018-9-17",93,73
"40721","2018-9-18",95,71
"40722","2018-9-18",95,71
"40747","2018-9-19",94,73
"40771","2018-9-20",93,73
"40772","2018-9-20",93,73
"40808","2018-9-21",92,71
"40809","2018-9-21",92,71
"40851","2018-9-22",71,62
"40852","2018-9-22",71,62
"40884","2018-9-23",67,63
"40932","2018-9-24",81,65
"40933","2018-9-24",81,65
"40962","2018-9-25",87,68
"40963","2018-9-25",87,68
"40991","2018-9-26",73,60
"40992","2018-9-26",73,60
"41030","2018-9-27",65,56
"41031","2018-9-27",65,56
"41059","2018-9-28",74,54
"41060","2018-9-28",74,54
"41092","2018-9-29",78,55
"41093","2018-9-29",78,55
"41118","2018-9-30",83,58
"41119","2018-9-30",83,58
"41150","2018-10-1",85,69
"41151","2018-10-1",85,69
"41177","2018-10-2",88,67
"41178","2018-10-2",88,67
"41204","2018-10-3",88,69
"41205","2018-10-3",88,69
"41229","2018-10-4",89,69
"41230","2018-10-4",89,69
"41254","2018-10-5",89,70
"41255","2018-10-5",89,70
"41279","2018-10-6",87,68
"41280","2018-10-6",87,68
"41306","2018-10-7",87,70
"41307","2018-10-7",87,70
"41331","2018-10-8",88,67
"41332","2018-10-8",88,67
"41376","2018-10-9",85,69
"41377","2018-10-9",85,69
"41412","2018-10-10",79,58
"41413","2018-10-10",79,58
"41438","2018-10-11",69,50
"41439","2018-10-11",69,50
"41463","2018-10-12",62,49
"41464","2018-10-12",62,49
"41512","2018-10-13",59,55
"41513","2018-10-13",59,55
"41561","2018-10-14",70,59
"41562","2018-10-14",70,59
"41619","2018-10-15",63,46
"41620","2018-10-15",63,46
"41649","2018-10-16",50,45
"41650","2018-10-16",50,45
"41674","2018-10-17",69,46
"41675","2018-10-17",69,46
"41699","2018-10-18",64,49
"41700","2018-10-18",64,49
"41739","2018-10-19",66,47
"41740","2018-10-19",66,47
"41772","2018-10-20",72,51
"41773","2018-10-20",72,51
"41797","2018-10-21",59,40
"41798","2018-10-21",59,39
"41828","2018-10-22",64,36
"41829","2018-10-22",64,36
"41853","2018-10-23",70,45
"41854","2018-10-23",70,45
"41878","2018-10-24",67,46
"41879","2018-10-24",67,46
"41929","2018-10-25",55,49
"41930","2018-10-25",55,49
"41959","2018-10-26",60,45
"41960","2018-10-26",60,45
"41984","2018-10-27",75,43
"41985","2018-10-27",75,43
"42009","2018-10-28",81,48
"42010","2018-10-28",81,48
"42034","2018-10-29",74,47
"42035","2018-10-29",74,47
"42063","2018-10-30",80,46
"42064","2018-10-30",80,53
"42115","2018-10-31",79,58
"42116","2018-10-31",79,58
"42157","2018-11-1",58,47
"42158","2018-11-1",58,47
"42182","2018-11-2",62,41
"42183","2018-11-2",62,41
"42218","2018-11-3",70,40
"42219","2018-11-3",70,40
"42249","2018-11-4",67,44
"42250","2018-11-4",67,44
"42315","2018-11-5",65,43
"42316","2018-11-5",65,43
"42360","2018-11-6",67,50
"42361","2018-11-6",67,50
"42390","2018-11-7",61,51
"42391","2018-11-7",61,51
"42416","2018-11-8",57,45
"42417","2018-11-8",57,45
"42445","2018-11-9",55,35
"42446","2018-11-9",55,35
"42470","2018-11-10",42,26
"42471","2018-11-10",42,26
"42495","2018-11-11",47,35
"42496","2018-11-11",47,35
"42533","2018-11-12",45,35
"42534","2018-11-12",45,35
"42563","2018-11-13",42,31
"42610","2018-11-14",34,28
"42635","2018-11-15",51,24
"42660","2018-11-16",64,32
"42685","2018-11-17",68,32
"42719","2018-11-18",56,41
"42750","2018-11-19",48,34
"42775","2018-11-20",52,31
"42808","2018-11-21",57,28
"42833","2018-11-22",60,31
"42879","2018-11-23",52,40
