,,
DATE,TMAX,TMIN
2018-05-05,82,59
2018-05-06,87,56
2018-05-07,89,57
2018-05-08,90,59
2018-05-09,90,65
2018-05-10,89,59
2018-05-12,89,67
2018-05-13,93,62
2018-05-14,89,66
2018-05-15,87,63
2018-05-16,91,65
2018-05-17,84,66
2018-05-18,88,62
2018-05-19,93,67
2018-05-21,82,69
2018-05-22,84,67
2018-05-23,89,68
2018-05-24,89,66
2018-05-25,86,68
2018-05-26,88,68
2018-05-27,91,68
2018-05-28,93,70
2018-05-29,89,70
2018-05-30,94,69
2018-05-31,89,75
2018-06-01,95,73
2018-06-02,94,71
2018-06-03,87,65
2018-06-04,86,60
2018-06-05,89,65
2018-06-06,92,61
2018-06-07,94,65
2018-06-08,94,68
2018-06-09,94,67
2018-06-10,95,68
2018-06-11,91,72
2018-06-12,95,75
2018-06-13,96,74
2018-06-14,97,69
2018-06-15,96,73
2018-06-16,96,73
2018-06-17,95,74
2018-06-18,94,74
2018-06-19,93,70
2018-06-20,84,72
2018-06-21,95,71
2018-06-22,93,66
2018-06-23,91,69
2018-09-27,68,55
2018-09-28,75,53
2018-09-29,79,56
2018-09-30,84,56
2018-10-01,84,67
2018-10-03,90,69
2018-10-04,91,68
2018-10-05,89,70
2018-10-08,88,68
2018-10-09,84,67
2018-10-10,80,58
2018-10-11,70,51
2018-10-12,62,47
2018-10-16,50,46
2018-10-17,69,46
2018-10-18,65,47
2018-10-21,59,37
2018-10-22,66,34
2018-10-23,71,43
2018-10-24,66,44
2018-10-25,56,50
2018-10-26,60,44
2018-10-27,74,41
2018-10-28,81,44
2018-10-29,74,43
2018-10-30,80,51
2018-10-31,77,58
2018-11-01,58,47
2018-11-02,64,38
2018-11-03,69,37
2018-11-05,62,40
2018-11-06,69,51
2018-11-09,54,36
2018-11-11,48,34
2018-11-12,44,34
2018-11-13,41,31
2018-11-14,34,28
2018-11-15,52,22
2015-01-01,38,34
2015-01-02,43,34
2015-01-03,52,42
2015-01-04,42,25
2015-01-05,33,19
2015-01-06,52,26
2015-01-07,34,13
2015-01-08,32,8
2015-01-09,36,24
2015-01-10,33,18
2015-01-11,37,30
2015-01-12,40,32
2015-01-13,35,23
2015-01-14,40,20
2015-01-15,47,31
2015-01-16,58,35
2015-01-17,64,36
2015-01-18,66,39
2015-01-19,65,47
2015-01-20,67,44
2015-01-21,60,38
2015-01-22,49,39
2015-01-23,48,37
2015-01-24,59,30
2015-01-25,59,42
2015-01-26,59,35
2015-01-27,65,45
2015-01-28,62,37
2015-01-29,64,37
2015-01-30,51,32
2015-01-31,46,38
2015-02-01,55,30
2015-02-02,38,24
2015-02-03,51,28
2015-02-04,56,33
2015-02-05,40,26
2015-02-06,50,25
2015-02-07,65,39
2015-02-08,67,52
2015-02-09,61,37
2015-02-10,52,33
2015-02-11,62,33
2015-02-12,44,31
2015-02-13,46,26
2015-02-14,72,35
2015-02-15,36,22
2015-02-16,27,22
2015-02-17,37,19
2015-02-18,39,23
2015-02-19,30,18
2015-02-20,35,23
2015-02-21,52,35
2015-02-22,41,30
2015-02-23,30,20
2015-02-24,39,22
2015-02-25,34,29
2015-02-26,39,24
2015-02-27,30,18
2015-02-28,39,23
2015-03-01,40,31
2015-03-02,38,33
2015-03-03,54,33
2015-03-04,53,22
2015-03-05,37,20
2015-03-06,42,18
2015-03-07,58,30
2015-03-08,49,40
2015-03-09,49,43
2015-03-10,55,47
2015-03-11,71,52
2015-03-12,57,51
2015-03-13,64,57
2015-03-14,61,56
2015-03-15,71,51
2015-03-16,71,54
2015-03-17,82,54
2015-03-18,55,51
2015-03-19,53,40
2015-03-20,65,47
2015-03-21,59,47
2015-03-22,60,49
2015-03-23,73,48
2015-03-24,77,54
2015-03-25,80,57
2015-03-26,67,45
2015-03-27,54,41
2015-03-28,50,38
2015-03-29,76,36
2015-03-30,73,54
2015-03-31,81,61
2015-04-01,78,60
2015-04-02,78,61
2015-04-03,77,50
2015-04-04,63,42
2015-04-05,57,46
2015-04-06,74,52
2015-04-07,83,65
2015-04-08,84,67
2015-04-09,84,62
2015-04-10,69,48
2015-04-11,74,49
2015-04-12,81,53
2015-04-13,72,57
2015-04-14,70,53
2015-04-15,69,58
2015-04-16,78,55
2015-04-17,78,62
2015-04-18,74,62
2015-04-19,80,56
2015-04-20,66,50
2015-04-21,70,49
2015-04-22,72,53
2015-04-23,64,50
2015-04-24,60,52
2015-04-25,84,60
2015-04-26,71,54
2015-04-27,66,50
2015-04-28,57,50
2015-04-29,77,49
2015-04-30,77,56
2015-05-01,73,52
2015-05-02,78,50
2015-05-03,82,58
2015-05-04,82,61
2015-05-05,84,65
2015-05-06,83,66
2015-05-07,85,65
2015-05-08,80,69
2015-05-09,77,65
2015-05-10,81,66
2015-05-11,76,61
2015-05-12,70,54
2015-05-13,71,54
2015-05-14,82,63
2015-05-15,82,69
2015-05-16,81,69
2015-05-17,83,65
2015-05-18,80,68
2015-05-19,81,66
2015-05-20,79,62
2015-05-21,67,53
2015-05-22,71,49
2015-05-23,80,60
2015-05-24,84,67
2015-05-25,83,63
2015-05-26,79,62
2015-05-27,83,68
2015-05-28,83,66
2015-05-29,86,66
2015-05-30,80,67
2015-05-31,74,64
2015-06-01,77,62
2015-06-02,79,62
2015-06-03,80,63
2015-06-04,86,63
2015-06-05,89,65
2015-06-06,87,69
2015-06-07,91,73
2015-06-08,90,74
2015-06-09,92,71
2015-06-10,93,72
2015-06-11,92,73
2015-06-12,91,74
2015-06-13,87,73
2015-06-14,89,73
2015-06-15,90,73
2015-06-16,90,74
2015-06-17,91,72
2015-06-18,83,72
2015-06-19,86,72
2015-06-20,91,71
2015-06-21,88,74
2015-06-22,91,73
2015-06-23,94,76
2015-06-24,94,76
2015-06-25,96,76
2015-06-26,93,69
2015-06-27,83,71
2015-06-28,86,67
2015-06-29,90,72
2015-06-30,88,75
2015-07-01,89,74
2015-07-02,90,75
2015-07-03,76,69
2015-07-04,84,68
2015-07-05,85,70
2015-07-06,88,68
2015-07-07,91,72
2015-07-08,89,73
2015-07-09,91,76
2015-07-10,93,74
2015-07-11,93,76
2015-07-12,94,75
2015-07-13,95,78
2015-07-14,96,79
2015-07-15,97,73
2015-07-16,94,73
2015-07-17,94,75
2015-07-18,95,76
2015-07-19,97,77
2015-07-20,97,77
2015-07-21,93,74
2015-07-22,93,74
2015-07-23,92,77
2015-07-24,97,78
2015-07-25,100,77
2015-07-26,98,77
2015-07-27,98,76
2015-07-28,99,79
2015-07-29,102,80
2015-07-30,96,74
2015-07-31,97,72
2015-08-01,98,73
2015-08-02,97,72
2015-08-03,98,75
2015-08-04,97,76
2015-08-05,98,75
2015-08-06,98,73
2015-08-07,101,77
2015-08-08,101,77
2015-08-09,99,75
2015-08-10,95,79
2015-08-11,98,76
2015-08-12,93,71
2015-08-13,91,69
2015-08-14,92,69
2015-08-15,97,67
2015-08-16,94,69
2015-08-17,93,70
2015-08-18,95,74
2015-08-19,83,65
2015-08-20,83,62
2015-08-21,87,66
2015-08-22,83,70
2015-08-23,86,71
2015-08-24,82,69
2015-08-25,88,64
2015-08-26,88,65
2015-08-27,85,64
2015-08-28,87,63
2015-08-29,88,69
2015-08-30,93,69
2015-08-31,94,70
2015-09-01,92,71
2015-09-02,94,72
2015-09-03,94,71
2015-09-04,97,74
2015-09-05,96,74
2015-09-06,97,75
2015-09-07,96,73
2015-09-08,94,73
2015-09-09,79,69
2015-09-10,88,67
2015-09-11,82,65
2015-09-12,76,57
2015-09-13,78,53
2015-09-14,83,59
2015-09-15,86,58
2015-09-16,89,65
2015-09-17,91,68
2015-09-18,94,70
2015-09-19,85,68
2015-09-20,76,62
2015-09-21,84,60
2015-09-22,87,62
2015-09-23,87,61
2015-09-24,89,65
2015-09-25,88,65
2015-09-26,86,64
2015-09-27,83,64
2015-09-28,84,70
2015-09-29,85,68
2015-09-30,82,64
2015-10-01,77,56
2015-10-02,72,50
2015-10-03,66,55
2015-10-04,66,53
2015-10-05,77,57
2015-10-06,83,62
2015-10-07,85,65
2015-10-08,87,64
2015-10-09,85,60
2015-10-10,76,54
2015-10-11,82,55
2015-10-12,91,63
2015-10-13,82,60
2015-10-14,90,58
2015-10-15,96,60
2015-10-16,75,55
2015-10-17,69,49
2015-10-18,69,45
2015-10-19,75,48
2015-10-20,78,52
2015-10-21,84,58
2015-10-22,83,57
2015-10-23,70,65
2015-10-24,70,58
2015-10-25,58,52
2015-10-26,61,54
2015-10-27,65,60
2015-10-28,70,56
2015-10-29,73,54
2015-10-30,67,47
2015-10-31,62,55
2015-11-01,66,57
2015-11-02,70,58
2015-11-03,67,56
2015-11-04,69,59
2015-11-05,75,63
2015-11-06,66,58
2015-11-07,59,49
2015-11-08,63,44
2015-11-09,67,41
2015-11-10,71,49
2015-11-11,71,55
2015-11-12,64,46
2015-11-13,67,45
2015-11-14,65,47
2015-11-15,62,47
2015-11-16,64,50
2015-11-17,71,53
2015-11-18,60,49
2015-11-19,66,46
2015-11-20,60,42
2015-11-21,51,34
2015-11-22,48,29
2015-11-23,62,34
2015-11-24,61,40
2015-11-25,62,46
2015-11-26,71,58
2015-11-27,66,49
2015-11-28,49,44
2015-11-29,46,43
2015-11-30,51,42
2015-12-01,49,40
2015-12-02,51,35
2015-12-03,55,36
2015-12-04,54,35
2015-12-05,58,36
2015-12-06,64,38
2015-12-07,63,42
2015-12-08,65,42
2015-12-09,68,46
2015-12-10,70,44
2015-12-11,75,59
2015-12-12,73,66
2015-12-13,69,51
2015-12-14,62,49
2015-12-15,67,43
2015-12-16,60,41
2015-12-17,52,35
2015-12-18,46,34
2015-12-19,57,32
2015-12-20,57,40
2015-12-21,64,53
2015-12-22,63,43
2015-12-23,73,55
2015-12-24,70,46
2015-12-25,61,53
2015-12-26,78,52
2015-12-27,69,44
2015-12-28,50,37
2015-12-29,42,35
2015-12-30,48,36
2015-12-31,44,31
2016-01-01,46,34
2016-01-02,51,32
2016-01-03,52,38
2016-01-04,40,28
2016-01-05,42,26
2016-01-06,50,29
2016-01-07,47,40
2016-01-08,63,47
2016-01-09,52,34
2016-01-10,35,26
2016-01-11,42,22
2016-01-12,55,33
2016-01-13,57,30
2016-01-14,63,42
2016-01-15,64,40
2016-01-16,42,33
2016-01-17,46,28
2016-01-18,30,22
2016-01-19,34,22
2016-01-20,33,29
2016-01-21,32,30
2016-01-22,40,29
2016-01-23,37,28
2016-01-24,43,26
2016-01-25,63,38
2016-01-26,50,42
2016-01-27,48,28
2016-01-28,64,33
2016-01-29,66,43
2016-01-30,71,48
2016-01-31,73,58
2016-02-01,61,51
2016-02-02,73,50
2016-02-03,50,35
2016-02-04,48,29
2016-02-05,53,36
2016-02-06,55,36
2016-02-07,59,34
2016-02-08,48,35
2016-02-09,49,32
2016-02-10,52,26
2016-02-11,54,31
2016-02-12,61,33
2016-02-13,43,30
2016-02-14,48,31
2016-02-15,53,35
2016-02-16,64,39
2016-02-17,59,34
2016-02-18,72,40
2016-02-19,70,56
2016-02-20,66,61
2016-02-21,74,60
2016-02-22,60,45
2016-02-23,48,39
2016-02-24,48,36
2016-02-25,49,36
2016-02-26,54,32
2016-02-27,69,38
2016-02-28,69,46
2016-02-29,67,47
2016-03-01,64,44
2016-03-02,56,38
2016-03-03,63,44
2016-03-04,62,42
2016-03-05,73,43
2016-03-06,72,45
2016-03-07,70,56
2016-03-08,75,58
2016-03-09,60,58
2016-03-10,63,53
2016-03-11,53,50
2016-03-12,64,53
2016-03-13,68,54
2016-03-14,77,51
2016-03-15,85,63
2016-03-16,73,52
2016-03-17,69,49
2016-03-18,64,51
2016-03-19,58,43
2016-03-20,50,35
2016-03-21,61,37
2016-03-22,71,42
2016-03-23,69,58
2016-03-24,67,39
2016-03-25,57,37
2016-03-26,71,39
2016-03-27,73,46
2016-03-28,67,40
2016-03-29,72,44
2016-03-30,69,60
2016-03-31,83,58
2016-04-01,59,47
2016-04-02,66,42
2016-04-03,75,51
2016-04-04,82,57
2016-04-05,68,53
2016-04-06,71,56
2016-04-07,78,52
2016-04-08,68,48
2016-04-09,65,49
2016-04-10,80,54
2016-04-11,68,53
2016-04-12,65,49
2016-04-13,64,49
2016-04-14,70,49
2016-04-15,64,58
2016-04-16,65,58
2016-04-17,77,57
2016-04-18,74,61
2016-04-19,62,58
2016-04-20,70,59
2016-04-21,77,58
2016-04-22,77,56
2016-04-23,79,56
2016-04-24,80,58
2016-04-25,80,61
2016-04-26,82,67
2016-04-27,82,61
2016-04-28,83,60
2016-04-29,67,60
2016-04-30,79,63
2016-05-01,78,63
2016-05-02,66,53
2016-05-03,69,53
2016-05-04,79,54
2016-05-05,75,52
2016-05-06,75,49
2016-05-07,84,57
2016-05-08,78,61
2016-05-09,72,61
2016-05-10,84,64
2016-05-11,85,70
2016-05-12,78,61
2016-05-13,80,56
2016-05-14,68,57
2016-05-15,70,54
2016-05-16,62,56
2016-05-17,78,55
2016-05-18,64,53
2016-05-19,74,54
2016-05-20,72,54
2016-05-21,77,60
2016-05-22,82,59
2016-05-23,81,58
2016-05-24,87,65
2016-05-25,83,65
2016-05-26,85,69
2016-05-27,80,68
2016-05-28,83,64
2016-05-29,86,66
2016-05-30,84,65
2016-05-31,83,64
2016-06-01,80,67
2016-06-02,82,68
2016-06-03,84,69
2016-06-04,81,68
2016-06-05,84,66
2016-06-06,84,64
2016-06-07,88,68
2016-06-08,87,67
2016-06-09,89,66
2016-06-10,90,69
2016-06-11,92,73
2016-06-12,90,71
2016-06-13,87,71
2016-06-14,87,73
2016-06-15,94,76
2016-06-16,94,75
2016-06-17,96,78
2016-06-18,91,74
2016-06-19,89,74
2016-06-20,91,74
2016-06-21,94,75
2016-06-22,95,77
2016-06-23,94,78
2016-06-24,93,78
2016-06-25,95,74
2016-06-26,94,77
2016-06-27,92,72
2016-06-28,93,71
2016-06-29,93,72
2016-06-30,92,69
2016-07-01,91,73
2016-07-02,94,76
2016-07-03,95,77
2016-07-04,90,73
2016-07-05,93,77
2016-07-06,96,77
2016-07-07,95,77
2016-07-08,97,79
2016-07-09,89,70
2016-07-10,93,66
2016-07-11,91,69
2016-07-12,93,75
2016-07-13,94,78
2016-07-14,94,68
2016-07-15,86,68
2016-07-16,91,70
2016-07-17,94,76
2016-07-18,95,76
2016-07-19,94,77
2016-07-20,94,77
2016-07-21,96,78
2016-07-22,98,80
2016-07-23,97,75
2016-07-24,94,75
2016-07-25,94,73
2016-07-26,93,75
2016-07-27,89,75
2016-07-28,90,74
2016-07-29,90,73
2016-07-30,90,71
2016-07-31,91,70
2016-08-01,95,76
2016-08-02,97,77
2016-08-03,96,79
2016-08-04,96,80
2016-08-05,96,77
2016-08-06,82,74
2016-08-07,90,71
2016-08-08,83,71
2016-08-09,94,74
2016-08-10,95,75
2016-08-11,93,78
2016-08-12,94,78
2016-08-13,82,72
2016-08-14,76,71
2016-08-15,80,72
2016-08-16,76,71
2016-08-17,81,72
2016-08-18,78,72
2016-08-19,86,73
2016-08-20,76,72
2016-08-21,82,68
2016-08-22,84,66
2016-08-23,90,72
2016-08-24,92,75
2016-08-25,90,74
2016-08-26,92,73
2016-08-27,90,72
2016-08-28,93,74
2016-08-29,93,74
2016-08-30,93,76
2016-08-31,92,75
2016-09-01,87,69
2016-09-02,81,64
2016-09-03,84,64
2016-09-04,89,65
2016-09-05,91,73
2016-09-06,91,75
2016-09-07,91,75
2016-09-08,92,76
2016-09-09,91,76
2016-09-10,83,66
2016-09-11,83,61
2016-09-12,88,63
2016-09-13,91,69
2016-09-14,93,73
2016-09-15,92,73
2016-09-16,91,70
2016-09-17,85,70
2016-09-18,82,69
2016-09-19,88,66
2016-09-20,90,69
2016-09-21,89,69
2016-09-22,92,68
2016-09-23,91,71
2016-09-24,92,72
2016-09-25,91,73
2016-09-26,76,61
2016-09-27,77,56
2016-09-28,88,60
2016-09-29,75,54
2016-09-30,78,57
2016-10-01,77,59
2016-10-02,82,57
2016-10-03,85,60
2016-10-04,85,61
2016-10-05,88,69
2016-10-06,88,69
2016-10-07,86,57
2016-10-08,76,50
2016-10-09,78,52
2016-10-10,74,56
2016-10-11,83,57
2016-10-12,83,66
2016-10-13,68,57
2016-10-14,63,56
2016-10-15,81,62
2016-10-16,83,66
2016-10-17,86,68
2016-10-18,81,70
2016-10-19,86,69
2016-10-20,72,54
2016-10-21,67,47
2016-10-22,73,48
2016-10-23,74,51
2016-10-24,80,59
2016-10-25,78,55
2016-10-26,77,58
2016-10-27,82,61
2016-10-28,82,60
2016-10-29,82,63
2016-10-30,85,60
2016-10-31,85,63
2016-11-01,83,58
2016-11-02,80,66
2016-11-03,81,65
2016-11-04,75,57
2016-11-05,68,51
2016-11-06,73,49
2016-11-07,66,57
2016-11-08,66,56
2016-11-09,68,49
2016-11-10,69,43
2016-11-11,73,50
2016-11-12,64,41
2016-11-13,62,37
2016-11-14,70,43
2016-11-15,75,53
2016-11-16,81,54
2016-11-17,79,55
2016-11-18,69,43
2016-11-19,54,37
2016-11-20,56,33
2016-11-21,62,36
2016-11-22,63,44
2016-11-23,61,51
2016-11-24,52,44
2016-11-25,54,42
2016-11-26,51,39
2016-11-27,52,36
2016-11-28,55,48
2016-11-29,64,48
2016-11-30,54,39
2016-12-01,61,37
2016-12-02,63,40
2016-12-03,49,42
2016-12-04,45,41
2016-12-05,45,40
2016-12-06,53,42
2016-12-07,42,37
2016-12-08,38,27
2016-12-09,39,22
2016-12-10,43,25
2016-12-11,58,41
2016-12-12,54,45
2016-12-13,56,43
2016-12-14,46,34
2016-12-15,37,27
2016-12-16,57,26
2016-12-17,75,29
2016-12-18,29,19
2016-12-19,35,12
2016-12-20,47,18
2016-12-21,62,38
2016-12-22,53,40
2016-12-23,51,36
2016-12-24,54,50
2016-12-25,66,52
2016-12-26,72,59
2016-12-27,59,40
2016-12-28,54,40
2016-12-29,54,40
2016-12-30,56,37
2016-12-31,47,42
2017-01-01,45,42
2017-01-02,55,45
2017-01-03,55,39
2017-01-04,39,28
2017-01-05,35,27
2017-01-06,27,17
2017-01-07,29,12
2017-01-08,32,17
2017-01-09,50,24
2017-01-10,70,50
2017-01-11,72,59
2017-01-12,73,53
2017-01-13,53,38
2017-01-14,46,39
2017-01-15,47,41
2017-01-16,64,44
2017-01-17,57,44
2017-01-18,48,42
2017-01-19,53,46
2017-01-20,68,53
2017-01-21,68,53
2017-01-22,56,49
2017-01-23,55,40
2017-01-24,64,39
2017-01-25,60,41
2017-01-26,46,34
2017-01-27,50,28
2017-01-28,52,36
2017-01-29,56,40
2017-01-30,68,40
2017-01-31,74,47
2017-02-01,65,51
2017-02-02,51,37
2017-02-03,46,32
2017-02-04,41,26
2017-02-05,57,40
2017-02-06,71,50
2017-02-07,78,61
2017-02-08,72,34
2017-02-09,46,28
2017-02-10,70,35
2017-02-11,78,63
2017-02-12,69,54
2017-02-13,57,41
2017-02-14,49,38
2017-02-15,55,42
2017-02-16,64,39
2017-02-17,69,41
2017-02-18,64,52
2017-02-19,75,50
2017-02-20,76,58
2017-02-21,61,57
2017-02-22,61,55
2017-02-23,77,52
2017-02-24,66,45
2017-02-25,50,32
2017-02-26,57,36
2017-02-27,58,45
2017-02-28,78,57
2017-03-01,70,48
2017-03-02,60,40
2017-03-03,58,42
2017-03-04,69,43
2017-03-05,58,48
2017-03-06,70,53
2017-03-07,67,45
2017-03-08,68,44
2017-03-09,71,49
2017-03-10,63,44
2017-03-11,45,33
2017-03-12,51,30
2017-03-13,52,35
2017-03-14,43,36
2017-03-15,45,28
2017-03-16,50,39
2017-03-17,73,48
2017-03-18,77,60
2017-03-19,73,51
2017-03-20,84,60
2017-03-21,85,55
2017-03-22,64,48
2017-03-23,82,47
2017-03-24,76,59
2017-03-25,70,51
2017-03-26,77,46
2017-03-27,80,58
2017-03-28,76,53
2017-03-29,80,58
2017-03-30,66,51
2017-03-31,75,46
2017-04-01,70,50
2017-04-02,70,55
2017-04-03,75,59
2017-04-04,81,55
2017-04-05,69,48
2017-04-06,66,45
2017-04-07,67,45
2017-04-08,79,50
2017-04-09,81,60
2017-04-10,72,63
2017-04-11,66,56
2017-04-12,78,53
2017-04-13,82,60
2017-04-14,82,64
2017-04-15,81,62
2017-04-16,79,65
2017-04-17,73,63
2017-04-18,78,63
2017-04-19,82,62
2017-04-20,82,65
2017-04-21,71,55
2017-04-22,58,49
2017-04-23,71,49
2017-04-24,77,49
2017-04-25,82,53
2017-04-26,72,50
2017-04-27,68,45
2017-04-28,83,55
2017-04-29,83,63
2017-04-30,69,53
2017-05-01,73,48
2017-05-02,80,50
2017-05-03,70,56
2017-05-04,56,47
2017-05-05,73,52
2017-05-06,79,56
2017-05-07,79,55
2017-05-08,84,61
2017-05-09,84,63
2017-05-10,83,64
2017-05-11,80,64
2017-05-12,73,60
2017-05-13,77,56
2017-05-14,80,55
2017-05-15,84,61
2017-05-16,85,65
2017-05-17,80,67
2017-05-18,86,71
2017-05-19,87,65
2017-05-20,78,63
2017-05-21,77,60
2017-05-22,73,59
2017-05-23,77,58
2017-05-24,68,54
2017-05-25,80,53
2017-05-26,82,67
2017-05-27,88,72
2017-05-28,80,64
2017-05-29,83,64
2017-05-30,86,65
2017-05-31,88,64
2017-06-01,84,67
2017-06-02,82,66
2017-06-03,84,69
2017-06-04,80,71
2017-06-05,78,69
2017-06-06,88,68
2017-06-07,81,63
2017-06-08,79,62
2017-06-09,83,60
2017-06-10,85,65
2017-06-11,88,70
2017-06-12,88,72
2017-06-13,86,71
2017-06-14,89,73
2017-06-15,87,70
2017-06-16,90,72
2017-06-17,88,70
2017-06-18,83,69
2017-06-19,86,63
2017-06-20,89,69
2017-06-21,87,69
2017-06-22,85,73
2017-06-23,88,69
2017-06-24,81,68
2017-06-25,85,65
2017-06-26,84,68
2017-06-27,84,63
2017-06-28,87,68
2017-06-29,86,72
2017-06-30,86,69
2017-07-01,89,67
2017-07-02,88,69
2017-07-03,85,70
2017-07-04,87,74
2017-07-05,83,71
2017-07-06,90,73
2017-07-07,92,74
2017-07-08,88,69
2017-07-09,89,72
2017-07-10,91,71
2017-07-11,91,73
2017-07-12,92,75
2017-07-13,93,74
2017-07-14,92,71
2017-07-15,90,72
2017-07-16,90,74
2017-07-17,90,73
2017-07-18,92,71
2017-07-19,95,76
2017-07-20,95,78
2017-07-21,95,79
2017-07-22,95,78
2017-07-23,96,72
2017-07-24,94,72
2017-07-25,96,77
2017-07-26,94,78
2017-07-27,93,78
2017-07-28,84,74
2017-07-29,86,71
2017-07-30,84,65
2017-07-31,88,67
2017-08-01,84,69
2017-08-02,83,68
2017-08-03,88,70
2017-08-04,86,72
2017-08-05,86,71
2017-08-06,79,72
2017-08-07,78,69
2017-08-08,85,68
2017-08-09,89,69
2017-08-10,90,71
2017-08-11,85,72
2017-08-12,88,72
2017-08-13,76,69
2017-08-14,77,72
2017-08-15,88,71
2017-08-16,91,76
2017-08-17,86,72
2017-08-18,92,70
2017-08-19,94,70
2017-08-20,95,77
2017-08-21,91,77
2017-08-22,93,77
2017-08-23,82,70
2017-08-24,84,65
2017-08-25,86,63
2017-08-26,79,68
2017-08-27,87,71
2017-08-28,85,71
2017-08-29,86,69
2017-08-30,83,69
2017-08-31,75,69
2017-09-01,82,66
2017-09-02,84,65
2017-09-03,89,67
2017-09-04,90,74
2017-09-05,78,63
2017-09-06,75,57
2017-09-07,79,55
2017-09-08,81,59
2017-09-09,82,61
2017-09-10,83,61
2017-09-11,79,58
2017-09-12,66,61
2017-09-13,81,61
2017-09-14,86,64
2017-09-15,87,67
2017-09-16,90,67
2017-09-17,90,70
2017-09-18,90,71
2017-09-19,91,71
2017-09-20,92,73
2017-09-21,91,73
2017-09-22,93,72
2017-09-23,94,71
2017-09-24,90,71
2017-09-25,90,68
2017-09-26,90,67
2017-09-27,86,71
2017-09-28,84,64
2017-09-29,83,61
2017-09-30,84,63
2017-10-01,83,58
2017-10-02,82,66
2017-10-03,80,69
2017-10-04,84,68
2017-10-05,86,65
2017-10-06,85,65
2017-10-07,89,68
2017-10-08,89,70
2017-10-09,91,71
2017-10-10,80,54
2017-10-11,68,52
2017-10-12,78,51
2017-10-13,85,58
2017-10-14,90,67
2017-10-15,77,54
2017-10-16,69,48
2017-10-17,71,47
2017-10-18,77,49
2017-10-19,79,52
2017-10-20,74,54
2017-10-21,80,62
2017-10-22,74,53
2017-10-23,75,48
2017-10-24,64,49
2017-10-25,71,40
2017-10-26,79,51
2017-10-27,62,38
2017-10-28,50,34
2017-10-29,62,35
2017-10-30,71,43
2017-10-31,50,43
2017-11-01,66,44
2017-11-02,82,66
2017-11-03,80,61
2017-11-04,80,60
2017-11-05,78,69
2017-11-06,72,54
2017-11-07,54,48
2017-11-08,51,45
2017-11-09,62,40
2017-11-10,58,40
2017-11-11,61,34
2017-11-12,71,53
2017-11-13,62,43
2017-11-14,60,42
2017-11-15,60,53
2017-11-16,62,47
2017-11-17,71,51
2017-11-18,78,44
2017-11-19,57,40
2017-11-20,59,38
2017-11-21,62,40
2017-11-22,52,33
2017-11-23,60,32
2017-11-24,68,41
2017-11-25,70,51
2017-11-26,66,45
2017-11-27,69,45
2017-11-28,69,46
2017-11-29,70,46
2017-11-30,67,49
2017-12-01,60,44
2017-12-02,68,45
2017-12-03,72,55
2017-12-04,69,54
2017-12-05,60,38
2017-12-06,48,37
2017-12-07,41,32
2017-12-08,41,26
2017-12-09,51,25
2017-12-10,64,31
2017-12-11,73,43
2017-12-12,54,38
2017-12-13,65,34
2017-12-14,52,35
2017-12-15,53,31
2017-12-16,54,32
2017-12-17,45,42
2017-12-18,57,42
2017-12-19,56,46
2017-12-20,57,50
2017-12-21,62,48
2017-12-22,61,46
2017-12-23,46,38
2017-12-24,44,30
2017-12-25,36,28
2017-12-26,40,28
2017-12-27,32,19
2017-12-28,32,14
2017-12-29,43,25
2017-12-30,41,28
2017-12-31,29,16
2018-01-01,23,9
2018-01-02,22,12
2018-01-03,37,14
2018-01-04,38,23
2018-01-05,49,22
2018-01-06,41,23
2018-01-07,47,26
2018-01-08,47,40
2018-01-09,45,40
2018-01-10,58,42
2018-01-11,64,30
2018-01-12,37,23
2018-01-13,35,20
2018-01-14,31,23
2018-01-15,48,21
2018-01-16,21,9
2018-01-17,29,7
2018-01-18,40,15
2018-01-19,44,27
2018-01-20,58,41
2018-01-21,64,58
2018-01-22,64,44
2018-01-23,51,36
2018-01-24,56,34
2018-01-25,62,34
2018-01-26,62,38
2018-01-27,57,47
2018-01-28,59,40
2018-01-29,46,29
2018-01-30,41,25
2018-01-31,65,32
2018-02-01,51,33
2018-02-02,41,24
2018-02-03,46,28
2018-02-04,55,26
2018-02-05,41,19
2018-02-06,40,31
2018-02-07,39,28
2018-02-08,48,27
2018-02-09,62,35
2018-02-10,53,37
2018-02-11,37,29
2018-02-12,44,25
2018-02-13,43,29
2018-02-14,57,41
2018-02-15,72,57
2018-02-16,67,43
2018-02-17,48,38
2018-02-18,50,37
2018-02-19,75,49
2018-02-20,77,58
2018-02-21,59,35
2018-02-22,45,36
2018-02-23,53,45
2018-02-24,70,51
2018-02-25,53,39
2018-02-26,63,38
2018-02-27,64,43
2018-02-28,62,51
2018-03-01,63,50
2018-03-02,59,41
2018-03-03,60,39
2018-03-04,54,42
2018-03-05,72,49
2018-03-06,61,39
2018-03-07,51,32
2018-03-08,58,34
2018-03-09,70,41
2018-03-10,71,54
2018-03-11,63,42
2018-03-12,55,37
2018-03-13,58,34
2018-03-14,61,38
2018-03-15,72,44
2018-03-16,74,55
2018-03-17,77,57
2018-03-18,60,46
2018-03-19,73,48
2018-03-20,56,46
2018-03-21,61,40
2018-03-22,67,40
2018-03-23,71,50
2018-03-24,77,63
2018-03-25,61,45
2018-03-26,80,48
2018-03-27,79,60
2018-03-28,63,58
2018-03-29,65,49
2018-03-30,63,44
2018-03-31,75,46
2018-04-01,63,40
2018-04-02,54,37
2018-04-03,78,44
2018-04-04,55,35
2018-04-05,58,37
2018-04-06,55,46
2018-04-07,46,29
2018-04-08,49,31
2018-04-09,64,37
2018-04-10,61,41
2018-04-11,74,43
2018-04-12,81,56
2018-04-13,71,58
2018-04-14,59,41
2018-04-15,48,37
2018-04-16,65,31
2018-04-17,81,49
2018-04-18,79,54
2018-04-19,60,43
2018-04-20,67,39
2018-04-21,69,47
2018-04-22,63,52
2018-04-23,62,52
2018-04-24,78,51
2018-04-25,69,51
2018-04-26,66,51
2018-04-27,75,52
2018-04-28,82,52
2018-04-29,70,50
2018-04-30,78,49
2018-05-01,82,60
2018-05-02,82,64
2018-05-03,79,64
2018-05-04,73,64
2018-05-05,79,60
2018-05-06,85,61
2018-05-07,87,60
2018-05-08,88,61
2018-05-09,87,69
2018-05-10,86,66
2018-05-11,87,65
2018-05-12,86,67
2018-05-13,89,68
2018-05-14,90,71
2018-05-15,84,68
2018-05-16,85,65
2018-05-17,80,63
2018-05-18,85,63
2018-05-19,91,71
2018-05-20,89,68
2018-05-21,80,68
2018-05-22,81,69
2018-05-23,87,66
2018-05-24,87,66
2018-05-25,84,69
2018-05-26,85,67
2018-05-27,88,68
2018-05-28,91,71
2018-05-29,85,69
2018-05-30,91,69
2018-05-31,89,75
2018-06-01,92,72
2018-06-02,92,72
2018-06-03,84,70
2018-06-04,83,65
2018-06-05,87,67
2018-06-06,90,66
2018-06-07,91,69
2018-06-08,91,69
2018-06-09,89,68
2018-06-10,92,71
2018-06-11,87,71
2018-06-12,92,74
2018-06-13,93,73
2018-06-14,94,70
2018-06-15,93,73
2018-06-16,93,75
2018-06-17,92,75
2018-06-18,90,74
2018-06-19,89,70
2018-06-20,81,71
2018-06-21,92,71
2018-06-22,91,72
2018-06-23,88,68
2018-06-24,90,69
2018-06-25,90,68
2018-06-26,94,77
2018-06-27,96,78
2018-06-28,98,78
2018-06-29,92,72
2018-06-30,96,76
2018-07-01,95,70
2018-07-02,93,75
2018-07-03,92,76
2018-07-04,93,75
2018-07-05,96,77
2018-07-06,97,72
2018-07-07,91,71
2018-07-08,91,72
2018-07-09,91,71
2018-07-10,94,73
2018-07-11,96,76
2018-07-12,96,76
2018-07-13,98,76
2018-07-14,95,78
2018-07-15,99,73
2018-07-16,93,74
2018-07-17,94,72
2018-07-18,81,73
2018-07-19,95,75
2018-07-20,96,76
2018-07-21,93,72
2018-07-22,90,72
2018-07-23,86,70
2018-07-24,91,70
2018-07-25,93,73
2018-07-26,95,70
2018-07-27,86,69
2018-07-28,78,70
2018-07-29,83,70
2018-07-30,77,68
2018-07-31,84,65
2018-08-01,88,64
2018-08-02,91,69
2018-08-03,92,69
2018-08-04,91,71
2018-08-05,93,74
2018-08-06,95,73
2018-08-07,96,71
2018-08-08,85,69
2018-08-09,81,69
2018-08-10,92,68
2018-08-11,93,71
2018-08-12,88,71
2018-08-13,78,71
2018-08-14,83,70
2018-08-15,83,74
2018-08-16,93,76
2018-08-17,82,70
2018-08-18,88,69
2018-08-19,87,71
2018-08-20,88,70
2018-08-21,81,68
2018-08-22,85,68
2018-08-23,83,65
2018-08-24,89,67
2018-08-25,93,72
2018-08-26,91,74
2018-08-27,90,73
2018-08-28,90,75
2018-08-29,88,73
2018-08-30,89,72
2018-09-01,91,70
2018-09-02,88,72
2018-09-03,73,71
2018-09-04,88,71
2018-09-05,88,71
2018-09-06,90,71
2018-09-07,80,71
2018-09-08,81,72
2018-09-09,84,66
2018-09-10,72,64
2018-09-11,78,63
2018-09-12,75,63
2018-09-13,76,65
2018-09-14,88,65
2018-09-15,90,73
2018-09-16,90,71
2018-09-17,90,71
2018-09-18,90,73
2018-09-19,94,73
2018-09-20,94,73
2018-09-21,93,73
2018-09-22,88,62
2018-09-23,63,60
2018-09-24,65,61
2018-09-25,80,65
2018-09-26,86,69
2018-09-27,70,55
2018-09-28,64,55
2018-09-29,74,57
2018-09-30,77,57
2018-10-01,83,68
2018-10-02,87,69
2018-10-03,87,70
2018-10-04,88,71
2018-10-05,88,72
2018-10-06,86,69
2018-10-07,85,71
2018-10-08,86,68
2018-10-09,82,69
2018-10-10,77,56
2018-10-11,67,50
2018-10-12,60,49
2018-10-13,58,53
2018-10-14,68,57
2018-10-15,62,44
2018-10-16,48,43
2018-10-17,66,46
2018-10-18,64,51
2018-10-19,63,47
2018-10-20,68,53
2018-10-21,59,40
2018-10-22,64,39
2018-10-23,71,48
2018-10-24,66,48
2018-10-25,53,48
2018-10-26,56,46
2018-10-27,72,44
2018-10-28,78,55
2018-10-29,71,49
2018-10-30,76,59
2018-10-31,75,56
2018-11-01,56,45
2018-11-02,60,40
2018-11-03,68,43
2018-11-04,62,45
2018-11-05,61,44
2018-11-06,65,48
2018-11-07,59,49
2018-11-08,57,43
2018-11-09,51,35
2018-11-10,42,26
2018-11-11,46,33
2018-11-12,43,33
2018-11-13,39,28
2018-11-14,31,26
2018-11-15,51,23
2015-01-01,39,35
2015-01-02,44,37
2015-01-03,54,44
2015-01-04,43,26
2015-01-05,34,22
2015-01-06,55,25
2015-01-07,37,17
2015-01-08,34,10
2015-01-09,40,22
2015-01-10,35,19
2015-01-11,39,32
2015-01-12,43,35
2015-01-13,38,23
2015-01-14,40,21
2015-01-15,52,32
2015-01-16,61,27
2015-01-17,66,33
2015-01-18,68,35
2015-01-19,68,41
2015-01-20,68,35
2015-01-21,60,34
2015-01-22,51,41
2015-01-23,50,32
2015-01-24,63,29
2015-01-25,63,38
2015-01-26,62,34
2015-01-27,68,39
2015-01-28,64,35
2015-01-29,67,37
2015-01-30,53,32
2015-01-31,48,39
2015-02-01,58,33
2015-02-02,41,26
2015-02-03,53,25
2015-02-04,59,32
2015-02-05,42,27
2015-02-06,52,25
2015-02-07,68,38
2015-02-08,69,51
2015-02-09,65,38
2015-02-10,51,36
2015-02-11,64,34
2015-02-12,48,32
2015-02-13,48,27
2015-02-14,75,29
2015-02-15,38,23
2015-02-16,30,24
2015-02-17,38,20
2015-02-18,42,23
2015-02-19,30,19
2015-02-20,37,25
2015-02-21,60,33
2015-02-22,43,32
2015-02-23,32,22
2015-02-24,43,24
2015-02-25,34,30
2015-02-26,42,27
2015-02-27,31,21
2015-02-28,38,26
2015-03-01,42,28
2015-03-02,40,34
2015-03-03,57,35
2015-03-04,53,25
2015-03-05,38,20
2015-03-06,38,17
2015-03-07,60,28
2015-03-08,50,33
2015-03-09,50,44
2015-03-10,58,48
2015-03-11,69,52
2015-03-12,57,51
2015-03-13,66,57
2015-03-14,64,57
2015-03-15,72,51
2015-03-16,74,48
2015-03-17,83,52
2015-03-18,57,44
2015-03-19,53,43
2015-03-20,65,49
2015-03-21,59,49
2015-03-22,61,50
2015-03-23,74,47
2015-03-24,80,52
2015-03-25,81,56
2015-03-26,69,43
2015-03-27,58,41
2015-03-28,51,39
2015-03-29,80,38
2015-03-30,74,50
2015-03-31,84,57
2015-04-01,81,59
2015-04-02,81,63
2015-04-03,80,51
2015-04-04,64,43
2015-04-05,59,45
2015-04-06,76,54
2015-04-07,85,64
2015-04-08,85,67
2015-04-09,87,66
2015-04-10,71,50
2015-04-11,74,46
2015-04-12,82,50
2015-04-13,74,60
2015-04-14,69,56
2015-04-15,72,56
2015-04-16,79,53
2015-04-17,80,63
2015-04-18,74,63
2015-04-19,82,58
2015-04-20,70,50
2015-04-21,74,46
2015-04-22,77,51
2015-04-23,64,53
2015-04-24,62,52
2015-04-25,86,62
2015-04-26,70,57
2015-04-27,66,53
2015-04-28,59,52
2015-04-29,79,48
2015-04-30,81,50
2015-05-01,74,52
2015-05-02,79,48
2015-05-03,85,53
2015-05-04,84,60
2015-05-05,86,64
2015-05-06,85,64
2015-05-07,87,63
2015-05-08,82,72
2015-05-09,79,67
2015-05-10,82,68
2015-05-11,80,64
2015-05-12,72,58
2015-05-13,71,56
2015-05-14,84,64
2015-05-15,81,68
2015-05-16,85,70
2015-05-17,85,67
2015-05-18,81,69
2015-05-19,81,68
2015-05-20,83,65
2015-05-21,68,54
2015-05-22,72,51
2015-05-23,82,61
2015-05-24,86,70
2015-05-25,85,64
2015-05-26,81,63
2015-05-27,85,67
2015-05-28,84,68
2015-05-29,88,67
2015-05-30,84,69
2015-05-31,75,66
2015-06-01,77,65
2015-06-02,80,64
2015-06-03,81,65
2015-06-04,87,66
2015-06-05,91,67
2015-06-06,90,71
2015-06-07,94,71
2015-06-08,93,75
2015-06-09,94,72
2015-06-10,94,70
2015-06-11,94,72
2015-06-12,92,75
2015-06-13,87,74
2015-06-14,91,73
2015-06-15,91,73
2015-06-16,92,74
2015-06-17,92,73
2015-06-18,84,74
2015-06-19,90,73
2015-06-20,93,71
2015-06-21,91,75
2015-06-22,93,73
2015-06-23,96,76
2015-06-24,99,77
2015-06-25,96,74
2015-06-26,94,71
2015-06-27,85,71
2015-06-28,89,68
2015-06-29,94,71
2015-06-30,92,75
2015-07-01,91,74
2015-07-02,92,77
2015-07-03,79,70
2015-07-04,85,70
2015-07-05,86,71
2015-07-06,90,69
2015-07-07,92,75
2015-07-08,90,75
2015-07-09,92,76
2015-07-10,94,74
2015-07-11,94,76
2015-07-12,95,75
2015-07-13,95,77
2015-07-14,96,79
2015-07-15,98,75
2015-07-16,94,75
2015-07-17,95,75
2015-07-18,96,76
2015-07-19,97,76
2015-07-20,98,76
2015-07-21,94,76
2015-07-22,94,76
2015-07-23,95,77
2015-07-24,99,79
2015-07-25,99,80
2015-07-26,97,77
2015-07-27,97,76
2015-07-28,98,80
2015-07-29,101,79
2015-07-30,93,74
2015-07-31,94,71
2015-08-01,96,70
2015-08-02,97,71
2015-08-03,98,73
2015-08-04,98,72
2015-08-05,99,76
2015-08-06,99,76
2015-08-07,102,79
2015-08-08,96,80
2015-08-09,100,77
2015-08-10,96,79
2015-08-11,95,78
2015-08-12,93,72
2015-08-13,91,68
2015-08-14,91,68
2015-08-15,93,68
2015-08-16,94,71
2015-08-17,94,71
2015-08-18,97,72
2015-08-19,87,67
2015-08-20,83,63
2015-08-21,88,67
2015-08-22,87,72
2015-08-23,90,70
2015-08-24,85,72
2015-08-25,91,62
2015-08-26,92,65
2015-08-27,88,63
2015-08-28,88,61
2015-08-29,91,68
2015-08-30,96,68
2015-08-31,95,71
2015-09-01,93,72
2015-09-02,96,72
2015-09-03,96,71
2015-09-04,98,73
2015-09-05,98,73
2015-09-06,98,75
2015-09-07,99,73
2015-09-08,99,74
2015-09-09,83,71
2015-09-10,93,67
2015-09-11,88,67
2015-09-12,80,58
2015-09-13,81,52
2015-09-14,87,56
2015-09-15,90,56
2015-09-16,92,66
2015-09-17,95,67
2015-09-18,97,68
2015-09-19,89,70
2015-09-20,81,63
2015-09-21,87,62
2015-09-22,90,60
2015-09-23,91,60
2015-09-24,92,64
2015-09-25,90,64
2015-09-26,88,63
2015-09-27,85,66
2015-09-28,84,71
2015-09-29,87,69
2015-09-30,83,67
2015-10-01,80,58
2015-10-02,75,53
2015-10-03,68,56
2015-10-04,69,55
2015-10-05,80,59
2015-10-06,87,64
2015-10-07,88,65
2015-10-08,89,64
2015-10-09,86,61
2015-10-10,77,53
2015-10-11,85,49
2015-10-12,93,61
2015-10-13,85,53
2015-10-14,93,51
2015-10-15,98,54
2015-10-16,76,53
2015-10-17,70,48
2015-10-18,69,45
2015-10-19,77,44
2015-10-20,81,47
2015-10-21,86,52
2015-10-22,85,54
2015-10-23,70,67
2015-10-24,72,60
2015-10-25,60,55
2015-10-26,62,56
2015-10-27,65,62
2015-10-28,71,58
2015-10-29,76,52
2015-10-30,69,45
2015-10-31,64,58
2015-11-01,67,58
2015-11-02,71,56
2015-11-03,69,58
2015-11-04,71,59
2015-11-05,78,61
2015-11-06,71,61
2015-11-07,61,52
2015-11-08,66,44
2015-11-09,67,42
2015-11-10,73,44
2015-11-11,75,54
2015-11-12,66,44
2015-11-13,67,42
2015-11-14,68,38
2015-11-15,66,43
2015-11-16,66,51
2015-11-17,73,54
2015-11-18,62,44
2015-11-19,68,40
2015-11-20,62,40
2015-11-21,53,32
2015-11-22,49,30
2015-11-23,63,31
2015-11-24,63,36
2015-11-25,66,40
2015-11-26,74,59
2015-11-27,68,51
2015-11-28,51,47
2015-11-29,48,45
2015-11-30,52,46
2015-12-01,52,41
2015-12-02,53,36
2015-12-03,55,33
2015-12-04,54,34
2015-12-05,59,32
2015-12-06,65,33
2015-12-07,64,36
2015-12-08,68,36
2015-12-09,71,46
2015-12-10,72,40
2015-12-11,77,58
2015-12-12,76,63
2015-12-13,71,52
2015-12-14,65,43
2015-12-15,69,40
2015-12-16,63,43
2015-12-17,53,35
2015-12-18,50,33
2015-12-19,59,29
2015-12-20,59,37
2015-12-21,66,55
2015-12-22,65,38
2015-12-23,74,56
2015-12-24,71,45
2015-12-25,61,54
2015-12-26,81,54
2015-12-27,70,46
2015-12-28,51,39
2015-12-29,43,37
2015-12-30,49,35
2015-12-31,46,31
2016-01-01,49,33
2016-01-02,54,29
2016-01-03,55,34
2016-01-04,40,27
2016-01-05,43,25
2016-01-06,52,27
2016-01-07,48,41
2016-01-08,66,48
2016-01-09,54,37
2016-01-10,37,25
2016-01-11,46,23
2016-01-12,57,29
2016-01-13,60,29
2016-01-14,65,33
2016-01-15,67,40
2016-01-16,44,34
2016-01-17,50,27
2016-01-18,35,22
2016-01-19,37,23
2016-01-20,36,31
2016-01-21,35,31
2016-01-22,43,31
2016-01-23,40,28
2016-01-24,45,25
2016-01-25,65,39
2016-01-26,53,35
2016-01-27,48,28
2016-01-28,66,29
2016-01-29,69,34
2016-01-30,73,48
2016-01-31,75,57
2016-02-01,60,52
2016-02-02,75,53
2016-02-03,52,35
2016-02-04,51,29
2016-02-05,56,27
2016-02-06,57,29
2016-02-07,61,31
2016-02-08,52,37
2016-02-09,51,33
2016-02-10,54,27
2016-02-11,54,31
2016-02-12,64,32
2016-02-13,46,31
2016-02-14,53,33
2016-02-15,55,38
2016-02-16,68,42
2016-02-17,59,34
2016-02-18,74,37
2016-02-19,73,56
2016-02-20,69,62
2016-02-21,75,62
2016-02-22,62,46
2016-02-23,48,41
2016-02-24,50,35
2016-02-25,53,31
2016-02-26,57,29
2016-02-27,71,35
2016-02-28,73,44
2016-02-29,68,46
2016-03-01,67,43
2016-03-02,58,35
2016-03-03,65,46
2016-03-04,62,41
2016-03-05,75,41
2016-03-06,75,44
2016-03-07,71,56
2016-03-08,77,59
2016-03-09,62,59
2016-03-10,66,56
2016-03-11,56,52
2016-03-12,66,55
2016-03-13,71,53
2016-03-14,79,51
2016-03-15,87,63
2016-03-16,74,50
2016-03-17,69,44
2016-03-18,66,51
2016-03-19,61,44
2016-03-20,53,36
2016-03-21,63,32
2016-03-22,73,41
2016-03-23,71,60
2016-03-24,68,42
2016-03-25,57,37
2016-03-26,72,38
2016-03-27,77,47
2016-03-28,66,40
2016-03-29,71,42
2016-03-30,70,59
2016-03-31,85,58
2016-04-01,61,47
2016-04-02,69,43
2016-04-03,77,44
2016-04-04,83,50
2016-04-05,70,53
2016-04-06,74,54
2016-04-07,81,49
2016-04-08,72,49
2016-04-09,67,44
2016-04-10,82,56
2016-04-11,70,54
2016-04-12,65,50
2016-04-13,64,49
2016-04-14,68,51
2016-04-15,66,59
2016-04-16,68,60
2016-04-17,78,59
2016-04-18,76,63
2016-04-19,64,59
2016-04-20,72,61
2016-04-21,79,55
2016-04-22,80,53
2016-04-23,81,53
2016-04-24,82,55
2016-04-25,82,59
2016-04-26,83,68
2016-04-27,83,64
2016-04-28,84,57
2016-04-29,70,62
2016-04-30,81,64
2016-05-01,82,64
2016-05-02,71,56
2016-05-03,72,55
2016-05-04,83,50
2016-05-05,79,54
2016-05-06,79,50
2016-05-07,86,53
2016-05-08,81,59
2016-05-09,74,63
2016-05-10,87,66
2016-05-11,86,70
2016-05-12,82,64
2016-05-13,82,54
2016-05-14,72,58
2016-05-15,72,58
2016-05-16,65,59
2016-05-17,83,59
2016-05-18,68,56
2016-05-19,76,53
2016-05-20,77,57
2016-05-21,82,60
2016-05-22,83,59
2016-05-23,83,57
2016-05-24,88,64
2016-05-25,85,66
2016-05-26,87,71
2016-05-27,82,68
2016-05-28,85,65
2016-05-29,92,65
2016-05-30,87,64
2016-05-31,85,66
2016-06-01,81,70
2016-06-02,83,70
2016-06-03,85,72
2016-06-04,84,71
2016-06-05,88,68
2016-06-06,89,65
2016-06-07,93,66
2016-06-08,89,70
2016-06-09,91,67
2016-06-10,93,70
2016-06-11,95,73
2016-06-12,92,75
2016-06-13,88,73
2016-06-14,88,75
2016-06-15,95,78
2016-06-16,97,76
2016-06-17,98,79
2016-06-18,92,75
2016-06-19,91,76
2016-06-20,93,74
2016-06-21,96,77
2016-06-22,96,78
2016-06-23,95,79
2016-06-24,97,79
2016-06-25,96,75
2016-06-26,98,79
2016-06-27,96,74
2016-06-28,93,73
2016-06-29,93,74
2016-06-30,93,71
2016-07-01,95,75
2016-07-02,95,76
2016-07-03,95,77
2016-07-04,92,76
2016-07-05,94,78
2016-07-06,96,79
2016-07-07,95,78
2016-07-08,98,79
2016-07-09,91,73
2016-07-10,94,70
2016-07-11,92,70
2016-07-12,94,76
2016-07-13,95,78
2016-07-14,96,71
2016-07-15,91,71
2016-07-16,93,73
2016-07-17,97,77
2016-07-18,98,79
2016-07-19,98,80
2016-07-20,98,81
2016-07-21,99,81
2016-07-22,105,82
2016-07-23,100,77
2016-07-24,95,77
2016-07-25,97,76
2016-07-26,97,80
2016-07-27,92,77
2016-07-28,92,77
2016-07-29,93,75
2016-07-30,94,74
2016-07-31,93,73
2016-08-01,97,77
2016-08-02,99,77
2016-08-03,100,79
2016-08-04,100,80
2016-08-05,101,79
2016-08-06,84,76
2016-08-07,94,74
2016-08-08,87,74
2016-08-09,96,76
2016-08-10,95,77
2016-08-11,95,80
2016-08-12,96,79
2016-08-13,83,75
2016-08-14,80,74
2016-08-15,84,75
2016-08-16,80,73
2016-08-17,85,75
2016-08-18,83,76
2016-08-19,89,77
2016-08-20,80,76
2016-08-21,86,71
2016-08-22,87,68
2016-08-23,93,75
2016-08-24,96,77
2016-08-25,96,77
2016-08-26,94,76
2016-08-27,93,75
2016-08-28,95,76
2016-08-29,95,77
2016-08-30,96,78
2016-08-31,96,78
2016-09-01,91,74
2016-09-02,86,68
2016-09-03,87,65
2016-09-04,92,66
2016-09-05,95,74
2016-09-06,95,76
2016-09-07,95,76
2016-09-08,96,77
2016-09-09,94,77
2016-09-10,89,67
2016-09-11,87,63
2016-09-12,91,64
2016-09-13,94,72
2016-09-14,96,75
2016-09-15,95,74
2016-09-16,96,73
2016-09-17,90,73
2016-09-18,83,70
2016-09-19,91,67
2016-09-20,92,70
2016-09-21,93,69
2016-09-22,94,69
2016-09-23,93,70
2016-09-24,94,73
2016-09-25,94,73
2016-09-26,80,62
2016-09-27,82,58
2016-09-28,93,57
2016-09-29,80,55
2016-09-30,79,60
2016-10-01,78,55
2016-10-02,83,54
2016-10-03,82,57
2016-10-04,85,57
2016-10-05,90,63
2016-10-06,88,62
2016-10-07,88,58
2016-10-08,75,50
2016-10-09,78,47
2016-10-10,75,52
2016-10-11,83,52
2016-10-12,82,62
2016-10-13,70,57
2016-10-14,63,56
2016-10-15,81,61
2016-10-16,84,63
2016-10-17,86,65
2016-10-18,83,68
2016-10-19,86,66
2016-10-20,71,52
2016-10-21,68,48
2016-10-22,72,43
2016-10-23,75,44
2016-10-24,80,53
2016-10-25,77,53
2016-10-26,77,52
2016-10-27,82,56
2016-10-28,82,56
2016-10-29,82,55
2016-10-30,84,54
2016-10-31,85,59
2016-11-01,83,54
2016-11-02,80,62
2016-11-03,82,60
2016-11-04,75,51
2016-11-05,67,48
2016-11-06,74,44
2016-11-07,67,55
2016-11-08,66,54
2016-11-09,68,44
2016-11-10,69,40
2016-11-11,75,45
2016-11-12,64,39
2016-11-13,64,32
2016-11-14,70,36
2016-11-15,76,46
2016-11-16,81,44
2016-11-17,79,48
2016-11-18,71,44
2016-11-19,56,34
2016-11-20,57,29
2016-11-21,63,32
2016-11-22,64,39
2016-11-23,62,52
2016-11-24,53,40
2016-11-25,55,38
2016-11-26,52,34
2016-11-27,52,32
2016-11-28,55,47
2016-11-29,65,48
2016-11-30,55,36
2016-12-01,61,30
2016-12-02,63,32
2016-12-03,48,42
2016-12-04,47,40
2016-12-05,45,37
2016-12-06,56,42
2016-12-07,43,38
2016-12-08,40,27
2016-12-09,38,20
2016-12-10,44,23
2016-12-11,59,41
2016-12-12,55,41
2016-12-13,57,39
2016-12-14,46,35
2016-12-15,38,26
2016-12-16,59,25
2016-12-17,77,31
2016-12-18,31,20
2016-12-19,35,12
2016-12-20,47,16
2016-12-21,63,34
2016-12-22,54,33
2016-12-23,49,34
2016-12-24,54,49
2016-12-25,67,51
2016-12-26,75,59
2016-12-27,60,37
2016-12-28,53,36
2016-12-29,57,39
2016-12-30,57,29
2016-12-31,47,41
2017-01-01,46,43
2017-01-02,56,45
2017-01-03,57,40
2017-01-04,41,26
2017-01-05,37,29
2017-01-06,29,18
2017-01-07,31,12
2017-01-08,33,13
2017-01-09,50,20
2017-01-10,71,50
2017-01-11,73,55
2017-01-12,75,54
2017-01-13,54,39
2017-01-14,46,39
2017-01-15,46,41
2017-01-16,67,44
2017-01-17,57,46
2017-01-18,49,43
2017-01-19,54,46
2017-01-20,69,48
2017-01-21,69,45
2017-01-22,56,48
2017-01-23,57,39
2017-01-24,66,34
2017-01-25,62,43
2017-01-26,48,34
2017-01-27,52,27
2017-01-28,56,30
2017-01-29,57,36
2017-01-30,68,31
2017-01-31,75,38
2017-02-01,67,45
2017-02-02,52,37
2017-02-03,48,31
2017-02-04,42,24
2017-02-05,57,39
2017-02-06,73,50
2017-02-07,80,54
2017-02-08,74,35
2017-02-09,46,29
2017-02-10,71,32
2017-02-11,79,63
2017-02-12,72,50
2017-02-13,56,39
2017-02-14,50,39
2017-02-15,57,38
2017-02-16,64,31
2017-02-17,69,35
2017-02-18,65,48
2017-02-19,76,45
2017-02-20,79,50
2017-02-21,62,57
2017-02-22,62,51
2017-02-23,79,47
2017-02-24,70,47
2017-02-25,52,32
2017-02-26,59,31
2017-02-27,59,43
2017-02-28,81,57
2017-03-01,70,45
2017-03-02,62,35
2017-03-03,59,36
2017-03-04,70,35
2017-03-05,59,47
2017-03-06,72,53
2017-03-07,68,41
2017-03-08,69,36
2017-03-09,73,44
2017-03-10,65,44
2017-03-11,46,34
2017-03-12,50,31
2017-03-13,56,32
2017-03-14,45,35
2017-03-15,44,28
2017-03-16,51,39
2017-03-17,76,49
2017-03-18,79,53
2017-03-19,75,49
2017-03-20,85,52
2017-03-21,86,54
2017-03-22,64,48
2017-03-23,83,45
2017-03-24,77,58
2017-03-25,72,50
2017-03-26,77,45
2017-03-27,81,56
2017-03-28,76,53
2017-03-29,81,57
2017-03-30,66,53
2017-03-31,75,46
2017-04-01,71,50
2017-04-02,70,54
2017-04-03,75,55
2017-04-04,82,51
2017-04-05,70,46
2017-04-06,68,44
2017-04-07,70,42
2017-04-08,79,44
2017-04-09,81,58
2017-04-10,76,62
2017-04-11,66,53
2017-04-12,77,51
2017-04-13,83,57
2017-04-14,83,61
2017-04-15,81,60
2017-04-16,79,63
2017-04-17,75,62
2017-04-18,79,63
2017-04-19,83,60
2017-04-20,83,63
2017-04-21,72,57
2017-04-22,60,50
2017-04-23,72,49
2017-04-24,76,45
2017-04-25,81,49
2017-04-26,73,51
2017-04-27,68,44
2017-04-28,83,54
2017-04-29,85,64
2017-04-30,71,53
2017-05-01,75,47
2017-05-02,80,46
2017-05-03,70,56
2017-05-04,56,48
2017-05-05,74,51
2017-05-06,80,48
2017-05-07,78,54
2017-05-08,84,56
2017-05-09,84,58
2017-05-10,83,62
2017-05-11,81,64
2017-05-12,72,61
2017-05-13,77,55
2017-05-14,80,53
2017-05-15,84,58
2017-05-16,86,63
2017-05-17,82,66
2017-05-18,87,69
2017-05-19,87,65
2017-05-20,78,63
2017-05-21,79,59
2017-05-22,72,58
2017-05-23,79,60
2017-05-24,72,53
2017-05-25,80,50
2017-05-26,82,65
2017-05-27,89,74
2017-05-28,82,64
2017-05-29,85,63
2017-05-30,87,62
2017-05-31,87,61
2017-06-01,83,65
2017-06-02,82,65
2017-06-03,86,68
2017-06-04,80,70
2017-06-05,78,69
2017-06-06,89,67
2017-06-07,83,62
2017-06-08,83,59
2017-06-09,84,57
2017-06-10,86,60
2017-06-11,89,66
2017-06-12,88,71
2017-06-13,87,69
2017-06-14,91,72
2017-06-15,87,69
2017-06-16,92,72
2017-06-17,88,68
2017-06-18,83,71
2017-06-19,88,63
2017-06-20,90,66
2017-06-21,87,67
2017-06-22,86,74
2017-06-23,90,70
2017-06-24,83,68
2017-06-25,85,65
2017-06-26,84,66
2017-06-27,85,63
2017-06-28,88,67
2017-06-29,88,71
2017-06-30,88,69
2017-07-01,91,68
2017-07-02,89,68
2017-07-03,87,70
2017-07-04,88,73
2017-07-05,84,71
2017-07-06,91,72
2017-07-07,94,72
2017-07-08,90,69
2017-07-09,89,71
2017-07-10,91,69
2017-07-11,92,72
2017-07-12,92,74
2017-07-13,93,73
2017-07-14,92,73
2017-07-15,91,72
2017-07-16,91,74
2017-07-17,92,72
2017-07-18,94,71
2017-07-19,95,75
2017-07-20,96,77
2017-07-21,96,77
2017-07-22,96,76
2017-07-23,96,71
2017-07-24,92,71
2017-07-25,94,76
2017-07-26,95,76
2017-07-27,95,76
2017-07-28,86,75
2017-07-29,88,69
2017-07-30,86,66
2017-07-31,88,66
2017-08-01,86,70
2017-08-02,83,69
2017-08-03,88,69
2017-08-04,85,72
2017-08-05,86,71
2017-08-06,81,71
2017-08-07,79,70
2017-08-08,86,68
2017-08-09,88,70
2017-08-10,90,71
2017-08-11,86,72
2017-08-12,87,72
2017-08-13,78,69
2017-08-14,80,73
2017-08-15,89,73
2017-08-16,92,75
2017-08-17,89,74
2017-08-18,92,71
2017-08-19,93,70
2017-08-20,95,76
2017-08-21,92,75
2017-08-22,93,74
2017-08-23,84,70
2017-08-24,84,65
2017-08-25,85,63
2017-08-26,81,68
2017-08-27,87,71
2017-08-28,85,70
2017-08-29,85,67
2017-08-30,82,69
2017-08-31,76,69
2017-09-01,84,66
2017-09-02,83,62
2017-09-03,89,65
2017-09-04,90,70
2017-09-05,80,62
2017-09-06,78,57
2017-09-07,78,53
2017-09-08,82,55
2017-09-09,82,58
2017-09-10,83,59
2017-09-11,81,57
2017-09-12,66,62
2017-09-13,82,63
2017-09-14,87,60
2017-09-15,87,62
2017-09-16,90,65
2017-09-17,92,68
2017-09-18,91,70
2017-09-19,90,69
2017-09-20,92,71
2017-09-21,91,71
2017-09-22,93,71
2017-09-23,92,70
2017-09-24,91,69
2017-09-25,89,66
2017-09-26,88,66
2017-09-27,89,70
2017-09-28,84,65
2017-09-29,83,62
2017-09-30,82,58
2017-10-01,83,56
2017-10-02,83,66
2017-10-03,82,69
2017-10-04,85,66
2017-10-05,85,63
2017-10-06,85,61
2017-10-07,90,65
2017-10-08,89,69
2017-10-09,91,68
2017-10-10,85,55
2017-10-11,69,53
2017-10-12,77,50
2017-10-13,85,57
2017-10-14,90,61
2017-10-15,76,53
2017-10-16,69,46
2017-10-17,72,42
2017-10-18,77,44
2017-10-19,79,47
2017-10-20,75,50
2017-10-21,81,57
2017-10-22,74,53
2017-10-23,76,44
2017-10-24,66,46
2017-10-25,71,38
2017-10-26,80,43
2017-10-27,61,39
2017-10-28,51,31
2017-10-29,63,28
2017-10-30,73,37
2017-10-31,49,40
2017-11-01,67,44
2017-11-02,83,64
2017-11-03,85,62
2017-11-04,83,59
2017-11-05,80,69
2017-11-06,71,54
2017-11-07,56,49
2017-11-08,52,44
2017-11-09,64,38
2017-11-10,58,37
2017-11-11,63,33
2017-11-12,72,51
2017-11-13,62,41
2017-11-14,62,40
2017-11-15,61,50
2017-11-16,61,44
2017-11-17,73,51
2017-11-18,78,42
2017-11-19,58,34
2017-11-20,59,29
2017-11-21,62,35
2017-11-22,51,30
2017-11-23,59,29
2017-11-24,69,34
2017-11-25,72,41
2017-11-26,67,35
2017-11-27,71,34
2017-11-28,70,42
2017-11-29,72,40
2017-11-30,69,45
2017-12-01,60,39
2017-12-02,68,39
2017-12-03,73,47
2017-12-04,69,48
2017-12-05,60,37
2017-12-06,52,37
2017-12-07,43,31
2017-12-08,42,25
2017-12-09,53,24
2017-12-10,62,26
2017-12-11,72,34
2017-12-12,54,33
2017-12-13,64,27
2017-12-14,55,35
2017-12-15,53,27
2017-12-16,56,27
2017-12-17,46,42
2017-12-18,57,42
2017-12-19,56,46
2017-12-20,60,49
2017-12-21,64,48
2017-12-22,61,47
2017-12-23,47,39
2017-12-24,45,29
2017-12-25,37,27
2017-12-26,40,27
2017-12-27,34,20
2017-12-28,32,15
2017-12-29,45,22
2017-12-30,42,29
2017-12-31,31,16
2018-01-01,24,10
2018-01-02,23,11
2018-01-03,40,14
2018-01-04,38,21
2018-01-05,50,16
2018-01-06,39,21
2018-01-07,48,24
2018-01-08,47,41
2018-01-09,46,41
2018-01-10,58,43
2018-01-11,65,31
2018-01-12,39,23
2018-01-13,35,21
2018-01-14,34,23
2018-01-15,48,21
2018-01-16,22,9
2018-01-17,28,7
2018-01-18,41,12
2018-01-19,45,21
2018-01-20,61,36
2018-01-21,66,59
2018-01-22,65,43
2018-01-23,53,38
2018-01-24,58,27
2018-01-25,64,27
2018-01-26,65,28
2018-01-27,59,44
2018-01-28,60,35
2018-01-29,50,26
2018-01-30,43,23
2018-01-31,67,29
2018-02-01,52,34
2018-02-02,39,25
2018-02-03,48,25
2018-02-04,59,27
2018-02-05,43,20
2018-02-06,43,32
2018-02-07,43,27
2018-02-08,50,24
2018-02-09,64,28
2018-02-10,54,38
2018-02-11,38,30
2018-02-12,46,27
2018-02-13,44,28
2018-02-14,58,42
2018-02-15,77,58
2018-02-16,69,43
2018-02-17,50,34
2018-02-18,51,33
2018-02-19,77,51
2018-02-20,81,60
2018-02-21,60,37
2018-02-22,47,37
2018-02-23,55,47
2018-02-24,72,52
2018-02-25,54,40
2018-02-26,63,35
2018-02-27,64,36
2018-02-28,63,52
2018-03-01,67,47
2018-03-02,60,39
2018-03-03,61,36
2018-03-04,56,39
2018-03-05,76,50
2018-03-06,64,37
2018-03-07,54,31
2018-03-08,59,31
2018-03-09,72,34
2018-03-10,72,53
2018-03-11,66,44
2018-03-12,58,36
2018-03-13,60,33
2018-03-14,63,32
2018-03-15,74,35
2018-03-16,76,54
2018-03-17,81,50
2018-03-18,61,48
2018-03-19,75,49
2018-03-20,59,47
2018-03-21,63,41
2018-03-22,69,37
2018-03-23,76,47
2018-03-24,79,59
2018-03-25,60,46
2018-03-26,82,49
2018-03-27,83,62
2018-03-28,65,58
2018-03-29,70,51
2018-03-30,66,43
2018-03-31,77,43
2018-04-01,64,43
2018-04-02,57,39
2018-04-03,83,44
2018-04-04,57,35
2018-04-05,60,37
2018-04-06,56,48
2018-04-07,48,31
2018-04-08,51,28
2018-04-09,62,36
2018-04-10,64,41
2018-04-11,76,39
2018-04-12,83,53
2018-04-13,78,59
2018-04-14,61,40
2018-04-15,51,39
2018-04-16,67,32
2018-04-17,85,42
2018-04-18,84,55
2018-04-19,62,43
2018-04-20,68,38
2018-04-21,73,46
2018-04-22,68,53
2018-04-23,63,52
2018-04-24,80,50
2018-04-25,73,53
2018-04-26,69,52
2018-04-27,78,50
2018-04-28,84,47
2018-04-29,71,48
2018-04-30,80,48
2018-05-01,83,56
2018-05-02,84,61
2018-05-03,82,66
2018-05-04,76,65
2018-05-05,82,61
2018-05-06,88,57
2018-05-07,88,58
2018-05-08,91,61
2018-05-09,89,66
2018-05-10,88,61
2018-05-11,89,64
2018-05-12,89,64
2018-05-13,91,64
2018-05-14,92,68
2018-05-15,86,67
2018-05-16,90,66
2018-05-17,84,65
2018-05-18,88,63
2018-05-19,92,68
2018-05-20,91,69
2018-05-21,82,69
2018-05-22,84,69
2018-05-23,88,67
2018-05-24,88,66
2018-05-25,87,68
2018-05-26,86,67
2018-05-27,89,67
2018-05-28,91,71
2018-05-29,88,70
2018-05-30,92,71
2018-05-31,90,73
2018-06-01,92,72
2018-06-02,93,71
2018-06-03,86,67
2018-06-04,86,62
2018-06-05,88,67
2018-06-06,89,65
2018-06-07,91,67
2018-06-08,90,71
2018-06-09,91,68
2018-06-10,92,68
2018-06-11,89,71
2018-06-12,92,72
2018-06-13,92,71
2018-06-14,93,69
2018-06-15,92,73
2018-06-16,93,74
2018-06-17,91,74
2018-06-18,89,72
2018-06-19,88,69
2018-06-20,80,71
2018-06-21,92,72
2018-06-22,93,70
2018-06-23,88,70
2018-06-24,90,70
2018-06-25,91,68
2018-06-26,94,77
2018-06-27,96,78
2018-06-28,97,75
2018-06-29,94,72
2018-06-30,96,75
2018-07-01,96,74
2018-07-02,95,75
2018-07-03,93,76
2018-07-04,94,75
2018-07-05,95,77
2018-07-06,96,72
2018-07-07,93,72
2018-07-08,92,73
2018-07-09,91,71
2018-07-10,94,73
2018-07-11,96,75
2018-07-12,97,75
2018-07-13,99,75
2018-07-14,100,75
2018-07-15,101,74
2018-07-16,93,74
2018-07-17,96,74
2018-07-18,86,73
2018-07-19,97,75
2018-07-20,97,76
2018-07-21,95,73
2018-07-22,93,69
2018-07-23,89,72
2018-07-24,93,70
2018-07-25,93,72
2018-07-26,96,69
2018-07-27,86,70
2018-07-28,79,71
2018-07-29,84,70
2018-07-30,80,69
2018-07-31,86,67
2018-08-01,88,65
2018-08-02,90,65
2018-08-03,90,67
2018-08-04,91,70
2018-08-05,94,73
2018-08-06,96,72
2018-08-07,97,71
2018-08-08,86,70
2018-08-09,82,70
2018-08-10,93,69
2018-08-11,95,71
2018-08-12,91,71
2018-08-13,81,71
2018-08-14,86,71
2018-08-15,86,74
2018-08-16,94,76
2018-08-17,84,69
2018-08-18,88,70
2018-08-19,87,71
2018-08-20,90,70
2018-08-21,84,66
2018-08-22,87,68
2018-08-23,83,66
2018-08-24,90,65
2018-08-25,93,69
2018-08-26,91,71
2018-08-27,91,72
2018-08-28,91,73
2018-08-29,90,74
2018-08-30,91,72
2018-08-31,92,70
2018-09-01,90,71
2018-09-02,90,72
2018-09-03,92,72
2018-09-04,91,72
2018-09-05,91,71
2018-09-06,80,73
2018-09-07,81,73
2018-09-08,87,72
2018-09-09,75,67
2018-09-10,79,65
2018-09-11,76,65
2018-09-12,78,67
2018-09-13,88,65
2018-09-14,91,71
2018-09-15,91,72
2018-09-16,92,71
2018-09-17,93,73
2018-09-18,95,71
2018-09-19,94,73
2018-09-20,93,73
2018-09-21,92,71
2018-09-22,71,62
2018-09-23,67,63
2018-09-24,81,65
2018-09-25,87,68
2018-09-26,73,60
2018-09-27,65,56
2018-09-28,74,54
2018-09-29,78,55
2018-09-30,83,58
2018-10-01,85,69
2018-10-02,88,67
2018-10-03,88,69
2018-10-04,89,69
2018-10-05,89,70
2018-10-06,87,68
2018-10-07,87,70
2018-10-08,88,67
2018-10-09,85,69
2018-10-10,79,58
2018-10-11,69,50
2018-10-12,62,49
2018-10-13,59,55
2018-10-14,70,59
2018-10-15,63,46
2018-10-16,50,45
2018-10-17,69,46
2018-10-18,64,49
2018-10-19,66,47
2018-10-20,72,51
2018-10-21,59,39
2018-10-22,64,36
2018-10-23,70,45
2018-10-24,67,46
2018-10-25,55,49
2018-10-26,60,45
2018-10-27,75,43
2018-10-28,81,48
2018-10-29,74,47
2018-10-30,80,53
2018-10-31,79,58
2018-11-01,58,47
2018-11-02,62,41
2018-11-03,70,40
2018-11-04,67,44
2018-11-05,65,43
2018-11-06,67,50
2018-11-07,61,51
2018-11-08,57,45
2018-11-09,55,35
2018-11-10,42,26
2018-11-11,47,35
2018-11-12,45,35
2018-11-13,42,31
2018-11-14,34,28
2018-11-15,51,24
2015-02-01,51,31
2015-02-02,52,23
2015-02-03,36,18
2015-02-04,49,19
2015-02-05,60,24
2015-02-06,39,19
2015-02-07,49,19
2015-02-08,65,32
2015-02-09,67,36
2015-02-10,63,26
2015-02-11,53,26
2015-02-12,63,27
2015-02-13,46,24
2015-02-14,47,22
2015-02-15,73,20
2015-02-16,36,22
2015-02-17,29,12
2015-02-18,41,16
2015-02-19,39,14
2015-02-20,32,22
2015-02-21,37,25
2015-02-22,40,27
2015-02-23,38,22
2015-02-24,25,20
2015-02-25,43,24
2015-02-26,35,24
2015-02-27,40,15
2015-02-28,30,24
2015-03-01,40,28
2015-03-02,39,32
2015-03-03,37,33
2015-03-04,60,35
2015-03-05,52,20
2015-03-06,40,12
2015-03-07,45,15
2015-03-08,60,25
2015-03-09,49,32
2015-03-10,50,42
2015-03-11,56,48
2015-03-12,70,45
2015-03-13,56,47
2015-03-14,64,55
2015-03-15,60,47
2015-03-16,74,45
2015-03-17,73,46
2015-03-18,80,48
2015-03-19,55,41
2015-03-20,54,41
2015-03-21,67,44
2015-03-22,59,44
2015-03-23,60,38
2015-03-24,73,38
2015-03-25,78,48
2015-03-26,81,53
2015-03-27,56,34
2015-03-28,54,37
2015-03-29,49,30
2015-03-30,78,31
2015-03-31,76,44
2015-04-01,83,55
2015-04-02,81,55
2015-04-03,77,65
2015-04-04,72,38
2015-04-05,61,38
2015-04-06,56,50
2015-04-07,73,55
2015-04-08,84,65
2015-04-09,86,67
2015-04-10,87,47
2015-04-11,72,41
2015-04-12,74,41
2015-04-13,83,43
2015-04-14,74,54
2015-04-15,70,54
2015-04-16,71,52
2015-04-17,80,53
2015-04-18,80,59
2015-04-19,74,59
2015-04-20,82,52
2015-04-21,70,39
2015-04-22,73,39
2015-04-23,74,47
2015-04-24,63,48
2015-04-25,63,53
2015-04-26,87,53
2015-04-27,69,52
2015-04-28,65,52
2015-04-29,57,44
2015-04-30,77,45
2015-05-01,81,46
2015-05-02,78,42
2015-05-03,82,42
2015-05-04,87,47
2015-05-05,86,57
2015-05-06,86,60
2015-05-07,84,59
2015-05-08,87,61
2015-05-09,83,65
2015-05-10,79,66
2015-05-11,81,62
2015-05-12,78,54
2015-05-13,71,51
2015-05-14,69,52
2015-05-15,82,63
2015-05-16,83,65
2015-05-17,84,70
2015-05-18,86,69
2015-05-19,84,66
2015-05-20,81,65
2015-05-21,81,57
2015-05-22,71,47
2015-05-23,73,49
2015-05-24,82,61
2015-05-25,83,68
2015-05-26,84,62
2015-05-27,83,62
2015-05-28,86,66
2015-05-29,85,63
2015-05-30,87,66
2015-05-31,83,67
2015-06-01,77,62
2015-06-02,78,62
2015-06-03,82,61
2015-06-04,81,61
2015-06-05,87,62
2015-06-06,93,63
2015-06-07,91,67
2015-06-08,94,70
2015-06-09,93,68
2015-06-10,95,65
2015-06-11,95,65
2015-06-12,96,71
2015-06-13,93,74
2015-06-14,87,75
2015-06-15,90,71
2015-06-16,93,71
2015-06-17,92,70
2015-06-18,91,70
2015-06-19,82,73
2015-06-20,89,67
2015-06-21,93,70
2015-06-22,90,71
2015-06-23,94,71
2015-06-24,98,73
2015-06-25,99,72
2015-06-26,98,73
2015-06-27,96,70
2015-06-28,83,63
2015-06-29,90,63
2015-06-30,94,72
2015-07-01,92,72
2015-07-02,93,74
2015-07-03,93,76
2015-07-04,82,68
2015-07-05,89,69
2015-07-06,88,68
2015-07-07,91,71
2015-07-08,93,73
2015-07-09,91,73
2015-07-10,94,70
2015-07-11,95,70
2015-07-12,96,71
2015-07-13,96,71
2015-07-14,97,73
2015-07-15,97,77
2015-07-16,99,71
2015-07-17,97,71
2015-07-18,97,71
2015-07-19,99,73
2015-07-20,99,73
2015-07-21,100,73
2015-07-22,96,75
2015-07-23,94,73
2015-07-24,95,74
2015-07-25,99,75
2015-07-26,98,73
2015-07-27,96,73
2015-07-28,99,73
2015-07-29,101,74
2015-07-30,101,74
2015-07-31,94,64
2015-08-01,95,63
2015-08-02,99,63
2015-08-03,100,64
2015-08-04,97,67
2015-08-05,98,67
2015-08-06,98,73
2015-08-07,99,74
2015-08-08,103,76
2015-08-09,97,73
2015-08-10,101,73
2015-08-11,97,72
2015-08-12,99,67
2015-08-13,92,60
2015-08-14,90,59
2015-08-15,91,60
2015-08-16,93,60
2015-08-17,94,66
2015-08-18,94,68
2015-08-19,94,68
2015-08-20,83,59
2015-08-21,82,59
2015-08-22,86,63
2015-08-23,87,67
2015-08-24,89,69
2015-08-25,87,54
2015-08-26,90,54
2015-08-27,91,58
2015-08-28,86,55
2015-08-29,87,55
2015-08-30,87,64
2015-08-31,95,64
2015-09-01,93,67
2015-09-02,90,65
2015-09-03,95,65
2015-09-04,93,65
2015-09-05,95,68
2015-09-06,97,68
2015-09-07,96,69
2015-09-08,97,69
2015-09-09,96,70
2015-09-10,82,63
2015-09-11,92,64
2015-09-12,84,54
2015-09-13,79,44
2015-09-14,80,45
2015-09-15,84,51
2015-09-16,88,51
2015-09-17,91,64
2015-09-18,93,64
2015-09-19,95,65
2015-09-20,87,58
2015-09-21,78,56
2015-09-22,87,53
2015-09-23,89,51
2015-09-24,89,51
2015-09-25,88,54
2015-09-26,89,55
2015-09-27,86,57
2015-09-28,86,65
2015-09-29,83,65
2015-09-30,85,60
2015-10-01,82,52
2015-10-02,79,50
2015-10-03,76,50
2015-10-04,63,52
2015-10-05,68,52
2015-10-06,79,58
2015-10-07,85,55
2015-10-08,88,56
2015-10-09,91,57
2015-10-10,82,49
2015-10-11,77,43
2015-10-12,84,43
2015-10-13,92,44
2015-10-14,83,42
2015-10-15,92,43
2015-10-16,97,47
2015-10-17,76,37
2015-10-18,70,37
2015-10-19,70,35
2015-10-20,78,35
2015-10-21,81,41
2015-10-22,86,47
2015-10-23,84,49
2015-10-24,71,66
2015-10-25,70,54
2015-10-26,59,54
2015-10-27,62,54
2015-10-28,65,52
2015-10-29,72,45
2015-10-30,76,38
2015-10-31,68,38
2015-11-01,63,55
2015-11-02,66,55
2015-11-03,72,53
2015-11-04,64,56
2015-11-05,70,55
2015-11-06,77,61
2015-11-07,68,53
2015-11-08,60,34
2015-11-09,65,32
2015-11-10,68,34
2015-11-11,74,38
2015-11-12,71,45
2015-11-13,65,31
2015-11-14,69,30
2015-11-15,70,30
2015-11-16,63,37
2015-11-17,71,50
2015-11-18,71,49
2015-11-19,61,35
2015-11-20,67,31
2015-11-21,62,32
2015-11-22,52,22
2015-11-23,50,22
2015-11-24,68,23
2015-11-25,63,32
2015-11-26,62,49
2015-11-27,74,60
2015-11-28,67,46
2015-11-29,50,44
2015-11-30,47,44
2015-12-01,52,39
2015-12-02,51,30
2015-12-03,52,27
2015-12-04,57,25
2015-12-05,56,24
2015-12-06,61,24
2015-12-07,67,28
2015-12-08,66,28
2015-12-09,68,30
2015-12-10,72,38
2015-12-11,74,38
2015-12-12,75,61
2015-12-13,74,64
2015-12-14,69,51
2015-12-15,63,34
2015-12-16,71,34
2015-12-17,60,28
2015-12-18,56,28
2015-12-19,49,24
2015-12-20,60,24
2015-12-21,59,37
2015-12-22,68,33
2015-12-23,66,33
2015-12-24,74,40
2015-12-25,74,40
2015-12-26,63,53
2015-12-27,78,55
2015-12-28,70,44
2015-12-29,50,37
2015-12-30,43,37
2015-12-31,49,26
2016-01-01,45,26
2016-01-02,48,22
2016-01-03,53,22
2016-01-04,54,25
2016-01-05,42,17
2016-01-06,45,17
2016-01-07,53,21
2016-01-08,47,42
2016-01-09,66,46
2016-01-10,50,24
2016-01-11,35,17
2016-01-12,42,17
2016-01-13,54,23
2016-01-14,58,23
2016-01-15,64,31
2016-01-16,63,31
2016-01-17,42,22
2016-01-18,47,22
2016-01-19,35,19
2016-01-20,35,21
2016-01-21,35,31
2016-01-22,34,29
2016-01-23,43,29
2016-01-24,38,22
2016-01-25,43,25
2016-01-26,64,35
2016-01-27,51,23
2016-01-28,48,22
2016-01-29,63,23
2016-01-30,68,28
2016-01-31,71,46
2016-02-01,73,48
2016-02-02,64,48
2016-02-03,73,37
2016-02-04,50,22
2016-02-05,49,20
2016-02-06,55,20
2016-02-07,57,24
2016-02-08,59,24
2016-02-09,47,33
2016-02-10,49,22
2016-02-11,54,22
2016-02-12,54,26
2016-02-13,62,26
2016-02-14,43,32
2016-02-15,47,32
2016-02-16,55,30
2016-02-17,64,27
2016-02-18,62,27
2016-02-19,74,33
2016-02-20,70,58
2016-02-21,67,58
2016-02-22,74,52
2016-02-23,59,38
2016-02-24,48,38
2016-02-25,49,27
2016-02-26,49,24
2016-02-27,56,24
2016-02-28,71,27
2016-02-29,69,38
2016-03-01,69,38
2016-03-02,64,29
2016-03-03,56,29
2016-03-04,64,36
2016-03-05,64,35
2016-03-06,74,35
2016-03-07,74,36
2016-03-08,70,57
2016-03-09,75,57
2016-03-10,60,57
2016-03-11,62,51
2016-03-12,54,51
2016-03-13,64,51
2016-03-14,68,47
2016-03-15,77,47
2016-03-16,86,43
2016-03-17,74,38
2016-03-18,68,38
2016-03-19,64,45
2016-03-20,59,34
2016-03-21,50,25
2016-03-22,63,25
2016-03-23,73,39
2016-03-24,69,58
2016-03-25,59,33
2016-03-26,58,33
2016-03-27,70,33
2016-03-28,73,34
2016-03-29,67,33
2016-03-30,70,33
2016-03-31,67,62
2016-04-01,82,45
2016-04-02,59,34
2016-04-03,68,34
2016-04-04,76,37
2016-04-05,83,42
2016-04-06,69,47
2016-04-07,71,40
2016-04-08,78,40
2016-04-09,69,38
2016-04-10,66,38
2016-04-11,80,58
2016-04-12,70,48
2016-04-13,65,43
2016-04-14,64,45
2016-04-15,69,49
2016-04-16,65,58
2016-04-17,65,58
2016-04-18,78,58
2016-04-19,75,60
2016-04-20,63,59
2016-04-21,70,53
2016-04-22,78,48
2016-04-23,79,48
2016-04-24,82,48
2016-04-25,81,50
2016-04-26,82,58
2016-04-27,82,62
2016-04-28,84,51
2016-04-29,83,52
2016-04-30,67,63
2016-05-01,82,61
2016-05-02,81,53
2016-05-03,68,53
2016-05-04,68,44
2016-05-05,79,44
2016-05-06,78,43
2016-05-07,79,43
2016-05-08,85,47
2016-05-09,79,53
2016-05-10,72,61
2016-05-11,86,67
2016-05-12,86,65
2016-05-13,81,47
2016-05-14,82,49
2016-05-15,68,53
2016-05-16,71,53
2016-05-17,63,57
2016-05-18,81,55
2016-05-19,66,48
2016-05-20,73,50
2016-05-21,73,54
2016-05-22,81,53
2016-05-23,81,51
2016-05-24,83,53
2016-05-25,87,64
2016-05-26,83,66
2016-05-27,86,69
2016-05-28,81,63
2016-05-29,86,62
2016-05-30,87,61
2016-05-31,83,62
2016-06-01,83,64
2016-06-02,79,65
2016-06-03,82,67
2016-06-04,84,68
2016-06-05,83,62
2016-06-06,87,58
2016-06-07,90,59
2016-06-08,93,61
2016-06-09,88,60
2016-06-10,91,62
2016-06-11,92,64
2016-06-12,94,67
2016-06-13,91,71
2016-06-14,89,72
2016-06-15,90,74
2016-06-16,96,73
2016-06-17,97,75
2016-06-18,97,72
2016-06-19,91,70
2016-06-20,89,70
2016-06-21,92,71
2016-06-22,97,74
2016-06-23,96,77
2016-06-24,95,76
2016-06-25,94,70
2016-06-26,97,71
2016-06-27,96,71
2016-06-28,92,66
2016-06-29,92,66
2016-06-30,92,63
2016-07-01,94,65
2016-07-02,93,71
2016-07-03,95,75
2016-07-04,95,74
2016-07-05,92,74
2016-07-06,94,76
2016-07-07,94,78
2016-07-08,95,77
2016-07-09,97,71
2016-07-10,91,70
2016-07-11,92,66
2016-07-12,92,69
2016-07-13,94,76
2016-07-14,97,79
2016-07-15,95,68
2016-07-16,87,67
2016-07-17,92,69
2016-07-18,96,71
2016-07-19,94,73
2016-07-20,97,73
2016-07-21,96,75
2016-07-22,97,76
2016-07-23,99,74
2016-07-24,98,73
2016-07-25,97,71
2016-07-26,95,73
2016-07-27,95,74
2016-07-28,90,73
2016-07-29,92,74
2016-07-30,92,71
2016-07-31,91,69
2016-08-01,93,69
2016-08-02,97,73
2016-08-03,97,73
2016-08-04,98,74
2016-08-05,97,74
2016-08-06,96,73
2016-08-07,83,73
2016-08-08,92,70
2016-08-09,88,72
2016-08-10,95,72
2016-08-11,94,73
2016-08-12,95,74
2016-08-13,94,74
2016-08-14,83,71
2016-08-15,77,71
2016-08-16,80,71
2016-08-17,78,71
2016-08-18,85,71
2016-08-19,80,73
2016-08-20,87,73
2016-08-21,78,69
2016-08-22,84,60
2016-08-23,84,61
2016-08-24,91,73
2016-08-25,94,71
2016-08-26,93,71
2016-08-27,93,71
2016-08-28,91,69
2016-08-29,91,71
2016-08-30,92,71
2016-08-31,92,70
2016-09-01,94,70
2016-09-02,87,62
2016-09-03,83,55
2016-09-04,85,56
2016-09-05,92,56
2016-09-06,93,67
2016-09-07,91,71
2016-09-08,92,71
2016-09-09,94,75
2016-09-10,92,74
2016-09-11,84,53
2016-09-12,84,53
2016-09-13,89,56
2016-09-14,90,65
2016-09-15,92,68
2016-09-16,91,67
2016-09-17,92,67
2016-09-18,88,68
2016-09-19,82,61
2016-09-20,89,62
2016-09-21,90,61
2016-09-22,90,61
2016-09-23,92,63
2016-09-24,92,63
2016-09-25,92,65
2016-09-26,92,66
2016-09-27,75,49
2016-09-28,83,48
2016-09-29,87,48
2016-09-30,78,49
2016-10-01,78,51
2016-10-02,78,51
2016-10-03,83,51
2016-10-04,82,51
2016-10-05,85,54
2016-10-06,91,64
2016-10-07,89,58
2016-10-08,83,44
2016-10-09,76,40
2016-10-10,78,40
2016-10-11,75,48
2016-10-12,84,48
2016-10-13,84,64
2016-10-14,71,56
2016-10-15,64,56
2016-10-16,81,61
2016-10-17,84,64
2016-10-18,86,69
2016-10-19,82,64
2016-10-20,87,64
2016-10-21,68,42
2016-10-22,67,37
2016-10-23,76,37
2016-10-24,76,41
2016-10-25,81,48
2016-10-26,80,48
2016-10-27,78,48
2016-10-28,82,52
2016-10-29,83,52
2016-10-30,83,52
2016-10-31,86,52
2016-11-01,86,52
2016-11-02,83,52
2016-11-03,81,58
2016-11-04,81,60
2016-11-05,75,43
2016-11-06,67,35
2016-11-07,75,35
2016-11-08,68,52
2016-11-09,66,53
2016-11-10,68,32
2016-11-11,69,32
2016-11-12,75,40
2016-11-13,65,26
2016-11-14,62,26
2016-11-15,71,31
2016-11-16,76,41
2016-11-17,81,41
2016-11-18,79,47
2016-11-19,69,31
2016-11-20,55,24
2016-11-21,57,24
2016-11-22,63,28
2016-11-23,62,46
2016-11-24,61,49
2016-11-25,54,37
2016-11-26,55,34
2016-11-27,51,33
2016-11-28,56,37
2016-11-29,56,47
2016-11-30,64,35
2016-12-01,54,24
2016-12-02,61,24
2016-12-03,63,28
2016-12-04,48,42
2016-12-05,47,36
2016-12-06,45,38
2016-12-07,54,40
2016-12-08,43,32
2016-12-09,40,17
2016-12-10,40,17
2016-12-11,44,28
2016-12-12,53,42
2016-12-13,55,42
2016-12-14,57,35
2016-12-15,49,26
2016-12-16,39,26
2016-12-17,67,31
2016-12-18,76,22
2016-12-19,31,11
2016-12-20,35,11
2016-12-21,45,12
2016-12-22,63,27
2016-12-23,55,28
2016-12-24,48,32
2016-12-25,55,48
2016-12-26,68,53
2016-12-27,73,42
2016-12-28,57,31
2016-12-29,54,35
2016-12-30,56,21
2016-12-31,58,21
2017-01-01,48,43
2017-01-02,47,43
2017-01-03,56,45
2017-01-04,56,27
2017-01-05,41,27
2017-01-06,37,19
2017-01-07,29,9
2017-01-08,31,9
2017-01-09,33,9
2017-01-10,58,19
2017-01-11,71,46
2017-01-12,73,64
2017-01-13,74,42
2017-01-14,42,39
2017-01-15,49,40
2017-01-16,47,42
2017-01-17,65,46
2017-01-18,55,43
2017-01-19,49,44
2017-01-20,55,47
2017-01-21,68,47
2017-01-22,70,48
2017-01-23,57,41
2017-01-24,56,30
2017-01-25,66,30
2017-01-26,60,33
2017-01-27,47,22
2017-01-28,51,21
2017-01-29,54,25
2017-01-30,55,27
2017-01-31,69,28
2017-02-01,75,32
2017-02-02,67,42
2017-02-03,52,37
2017-02-04,48,21
2017-02-05,43,22
2017-02-06,60,42
2017-02-07,72,51
2017-02-08,78,46
2017-02-09,74,29
2017-02-10,48,29
2017-02-11,69,32
2017-02-12,79,53
2017-02-13,70,37
2017-02-14,59,37
2017-02-15,49,41
2017-02-16,57,27
2017-02-17,65,27
2017-02-18,69,32
2017-02-19,66,42
2017-02-20,75,45
2017-02-21,78,59
2017-02-22,62,56
2017-02-23,64,46
2017-02-24,78,46
2017-02-25,65,32
2017-02-26,52,26
2017-02-27,57,26
2017-02-28,62,43
2017-03-01,80,61
2017-03-02,71,29
2017-03-03,62,29
2017-03-04,59,29
2017-03-05,70,30
2017-03-06,62,50
2017-03-07,70,45
2017-03-08,65,31
2017-03-09,69,31
2017-03-10,73,41
2017-03-11,63,40
2017-03-12,45,29
2017-03-13,52,29
2017-03-14,53,37
2017-03-15,44,28
2017-03-16,48,26
2017-03-17,58,40
2017-03-18,73,57
2017-03-19,70,49
2017-03-20,74,48
2017-03-21,85,49
2017-03-22,86,49
2017-03-23,74,43
2017-03-24,83,46
2017-03-25,78,57
2017-03-26,69,42
2017-03-27,78,42
2017-03-28,80,48
2017-03-29,78,48
2017-03-30,80,58
2017-03-31,71,42
2017-04-01,77,42
2017-04-02,71,50
2017-04-03,71,54
2017-04-04,75,47
2017-04-05,83,47
2017-04-06,72,42
2017-04-07,67,35
2017-04-08,69,35
2017-04-09,80,42
2017-04-10,83,61
2017-04-11,72,62
2017-04-12,67,47
2017-04-13,78,47
2017-04-14,82,53
2017-04-15,83,56
2017-04-16,83,63
2017-04-17,80,60
2017-04-18,75,63
2017-04-19,80,58
2017-04-20,86,58
2017-04-21,84,61
2017-04-22,71,53
2017-04-23,59,49
2017-04-24,74,40
2017-04-25,79,41
2017-04-26,83,48
2017-04-27,74,43
2017-04-28,70,43
2017-04-29,83,53
2017-04-30,84,63
2017-05-01,68,48
2017-05-02,74,42
2017-05-03,83,44
2017-05-04,69,48
2017-05-05,59,45
2017-05-06,75,42
2017-05-07,81,43
2017-05-08,81,51
2017-05-09,87,53
2017-05-10,87,53
2017-05-11,86,60
2017-05-12,83,64
2017-05-13,69,52
2017-05-14,79,49
2017-05-15,82,49
2017-05-16,87,55
2017-05-17,87,58
2017-05-18,79,69
2017-05-19,87,63
2017-05-20,89,64
2017-05-21,80,60
2017-05-22,80,56
2017-05-23,73,54
2017-05-24,78,55
2017-05-25,70,47
2017-05-26,82,47
2017-05-27,85,68
2017-05-28,90,64
2017-05-29,81,60
2017-05-30,88,58
2017-05-31,88,58
2017-06-01,90,60
2017-06-02,83,61
2017-06-03,81,61
2017-06-04,83,61
2017-06-05,82,70
2017-06-06,80,64
2017-06-07,89,56
2017-06-08,86,54
2017-06-09,84,52
2017-06-10,85,52
2017-06-11,89,56
2017-06-12,91,67
2017-06-13,90,69
2017-06-14,89,70
2017-06-15,92,75
2017-06-16,92,70
2017-06-17,92,70
2017-06-18,90,70
2017-06-19,84,64
2017-06-20,89,63
2017-06-21,92,64
2017-06-22,85,64
2017-06-23,85,74
2017-06-24,92,66
2017-06-25,84,62
2017-06-26,87,62
2017-06-27,87,60
2017-06-28,84,62
2017-06-29,89,64
2017-06-30,80,73
2017-07-01,90,67
2017-07-02,91,67
2017-07-03,90,70
2017-07-04,89,71
2017-07-05,87,73
2017-07-06,87,71
2017-07-07,91,69
2017-07-08,97,69
2017-07-09,92,67
2017-07-10,91,65
2017-07-11,94,67
2017-07-12,94,67
2017-07-13,93,74
2017-07-14,96,71
2017-07-15,94,70
2017-07-16,90,71
2017-07-17,92,66
2017-07-18,94,66
2017-07-19,95,66
2017-07-20,96,73
2017-07-21,96,73
2017-07-22,97,73
2017-07-23,98,75
2017-07-24,97,73
2017-07-25,98,74
2017-07-26,96,73
2017-07-27,96,73
2017-07-28,96,76
2017-07-29,87,71
2017-07-30,88,60
2017-07-31,86,60
2017-08-01,91,60
2017-08-02,87,67
2017-08-03,84,66
2017-08-04,92,66
2017-08-05,89,69
2017-08-06,88,70
2017-08-07,82,69
2017-08-08,80,65
2017-08-09,86,66
2017-08-10,87,66
2017-08-11,91,67
2017-08-12,88,69
2017-08-13,87,68
2017-08-14,77,68
2017-08-15,80,73
2017-08-16,86,73
2017-08-17,93,74
2017-08-18,87,67
2017-08-19,94,67
2017-08-20,95,68
2017-08-21,98,73
2017-08-22,94,72
2017-08-23,93,72
2017-08-24,84,62
2017-08-25,83,58
2017-08-26,86,58
2017-08-27,82,67
2017-08-28,88,67
2017-08-29,87,66
2017-08-30,86,66
2017-08-31,81,66
2017-09-01,76,63
2017-09-02,84,59
2017-09-03,86,59
2017-09-04,89,62
2017-09-05,92,68
2017-09-06,77,51
2017-09-07,77,46
2017-09-08,80,46
2017-09-09,83,51
2017-09-10,81,52
2017-09-11,82,49
2017-09-12,81,49
2017-09-13,66,59
2017-09-14,84,57
2017-09-15,89,57
2017-09-16,89,59
2017-09-17,91,62
2017-09-18,93,65
2017-09-19,91,65
2017-09-20,92,65
2017-09-21,91,69
2017-09-22,93,68
2017-09-23,94,65
2017-09-24,93,66
2017-09-25,90,64
2017-09-26,89,62
2017-09-27,93,62
2017-09-28,89,62
2017-09-29,84,53
2017-09-30,81,53
2017-10-01,82,51
2017-10-02,83,51
2017-10-03,82,66
2017-10-04,81,66
2017-10-05,83,63
2017-10-06,86,58
2017-10-07,85,58
2017-10-08,89,66
2017-10-09,89,64
2017-10-10,91,64
2017-10-11,80,53
2017-10-12,69,44
2017-10-13,78,44
2017-10-14,86,54
2017-10-15,91,59
2017-10-16,77,41
2017-10-17,69,33
2017-10-18,73,34
2017-10-19,78,37
2017-10-20,81,42
2017-10-21,76,46
2017-10-22,78,58
2017-10-23,74,41
2017-10-24,76,41
2017-10-25,62,31
2017-10-26,69,31
2017-10-27,80,38
2017-10-28,56,27
2017-10-29,50,23
2017-10-30,62,23
2017-10-31,75,34
2017-11-01,50,36
2017-11-02,68,46
2017-11-03,83,62
2017-11-04,81,61
2017-11-05,80,61
2017-11-06,78,60
2017-11-07,61,54
2017-11-08,55,48
2017-11-09,52,32
2017-11-10,62,30
2017-11-11,58,27
2017-11-12,62,28
2017-11-13,71,40
2017-11-14,63,39
2017-11-15,60,42
2017-11-16,62,40
2017-11-17,62,40
2017-11-18,71,53
2017-11-19,78,28
2017-11-20,58,25
2017-11-21,60,25
2017-11-22,63,34
2017-11-23,52,24
2017-11-24,59,25
2017-11-25,69,29
2017-11-26,72,28
2017-11-27,67,28
2017-11-28,70,28
2017-11-29,71,37
2017-11-30,72,38
2017-12-01,67,30
2017-12-02,61,30
2017-12-03,69,36
2017-12-04,74,51
2017-12-05,69,46
2017-12-06,60,32
2017-12-07,47,23
2017-12-08,43,23
2017-12-09,42,17
2017-12-10,52,17
2017-12-11,63,19
2017-12-12,74,27
2017-12-13,53,22
2017-12-14,64,22
2017-12-15,53,21
2017-12-16,54,21
2017-12-17,56,23
2017-12-18,47,43
2017-12-19,58,45
2017-12-20,55,49
2017-12-21,58,49
2017-12-22,62,49
2017-12-23,63,39
2017-12-24,45,38
2017-12-25,45,27
2017-12-26,37,25
2017-12-27,40,25
2017-12-28,34,14
2017-12-29,31,14
2017-12-30,44,19
2017-12-31,41,23
2018-01-01,31,11
2018-01-02,25,8
2018-01-03,23,9
2018-01-04,38,12
2018-01-05,38,13
2018-01-06,51,13
2018-01-07,41,23
2018-01-08,49,33
2018-01-09,49,40
2018-01-10,46,40
2018-01-11,59,45
2018-01-12,64,23
2018-01-13,39,21
2018-01-14,36,20
2018-01-15,35,22
2018-01-16,48,13
2018-01-17,24,5
2018-01-18,30,5
2018-01-19,43,6
2018-01-20,46,23
2018-01-21,60,43
2018-01-22,66,47
2018-01-23,60,37
2018-01-24,52,21
2018-01-25,57,21
2018-01-26,63,23
2018-01-27,63,29
2018-01-28,59,30
2018-01-29,60,26
2018-01-30,48,18
2018-01-31,44,18
2018-02-01,66,34
2018-02-02,50,26
2018-02-03,40,25
2018-02-04,50,25
2018-02-05,57,20
2018-02-06,43,20
2018-02-07,41,33
2018-02-08,42,19
2018-02-09,52,20
2018-02-10,63,26
2018-02-11,54,34
2018-02-12,38,28
2018-02-13,45,26
2018-02-14,46,26
2018-02-15,62,46
2018-02-16,74,56
2018-02-17,67,39
2018-02-18,49,30
2018-02-19,60,30
2018-02-20,76,60
2018-02-21,79,44
2018-02-22,45,38
2018-02-23,48,38
2018-02-24,58,48
2018-02-25,70,39
2018-02-26,53,30
2018-02-27,64,30
2018-02-28,65,30
2018-03-01,63,53
2018-03-02,67,32
2018-03-03,59,30
2018-03-04,61,30
2018-03-05,56,42
2018-03-06,73,31
2018-03-07,62,29
2018-03-08,53,25
2018-03-09,60,25
2018-03-10,70,35
2018-03-11,71,51
2018-03-12,64,34
2018-03-13,58,29
2018-03-14,60,28
2018-03-15,63,28
2018-03-16,74,32
2018-03-17,76,43
2018-03-18,78,43
2018-03-19,59,49
2018-03-20,74,48
2018-03-21,57,35
2018-03-22,64,31
2018-03-23,68,31
2018-03-24,73,49
2018-03-25,79,45
2018-03-26,62,45
2018-03-27,80,49
2018-03-28,80,60
2018-03-29,65,58
2018-03-30,66,41
2018-03-31,66,41
2018-04-01,77,41
2018-04-02,63,39
2018-04-03,68,39
2018-04-04,77,34
2018-04-05,56,32
2018-04-06,60,32
2018-04-07,57,38
2018-04-08,51,24
2018-04-09,50,24
2018-04-10,66,33
2018-04-11,65,37
2018-04-12,76,37
2018-04-13,83,54
2018-04-14,77,58
2018-04-15,58,40
2018-04-16,49,29
2018-04-17,68,29
2018-04-18,82,41
2018-04-19,80,44
2018-04-20,63,34
2018-04-21,67,34
2018-04-22,67,42
2018-04-23,64,54
2018-04-24,64,46
2018-04-25,80,46
2018-04-26,69,48
2018-04-27,69,45
2018-04-28,77,43
2018-04-29,84,43
2018-04-30,71,44
2018-05-01,80,44
2018-05-02,83,60
2018-05-03,83,60
2018-05-04,80,65
2018-05-05,74,60
2018-05-06,82,52
2018-05-07,88,52
2018-05-08,89,57
2018-05-09,91,57
2018-05-10,90,59
2018-05-11,88,59
2018-05-12,90,65
2018-05-13,90,61
2018-05-14,93,62
2018-05-15,93,63
2018-05-16,85,62
2018-05-17,84,63
2018-05-18,80,60
2018-05-19,90,60
2018-05-20,94,65
2018-05-21,92,68
2018-05-22,83,65
2018-05-23,84,65
2018-05-24,89,64
2018-05-25,91,64
2018-05-26,85,65
2018-05-27,86,65
2018-05-28,92,66
2018-05-29,93,67
2018-05-30,92,67
2018-05-31,94,70
2018-06-01,91,76
2018-06-02,94,69
2018-06-03,94,70
2018-06-04,89,56
2018-06-05,88,57
2018-06-06,89,60
2018-06-07,91,60
2018-06-08,94,62
2018-06-09,92,65
2018-06-10,91,65
2018-06-11,95,65
2018-06-12,92,74
2018-06-13,94,73
2018-06-14,95,67
2018-06-15,97,68
2018-06-16,96,70
2018-06-17,96,70
2018-06-18,92,73
2018-06-19,91,68
2018-06-20,92,69
2018-06-21,85,70
2018-06-22,94,65
2018-06-23,92,67
2018-06-24,92,67
2018-06-25,92,66
2018-06-26,93,67
2018-06-27,96,75
2018-06-28,100,73
2018-06-29,101,73
2018-06-30,96,73
2018-07-01,98,74
2018-07-02,97,72
2018-07-03,96,73
2018-07-04,92,74
2018-07-05,93,74
2018-07-06,95,74
2018-07-07,96,69
2018-07-08,90,69
2018-07-09,91,69
2018-07-10,91,69
2018-07-11,96,70
2018-07-12,97,72
2018-07-13,97,72
2018-07-14,101,73
2018-07-15,98,74
2018-07-16,101,74
2018-07-17,93,71
2018-07-18,96,71
2018-07-19,85,73
2018-07-20,99,75
2018-07-21,98,71
2018-07-22,93,65
2018-07-23,92,65
2018-07-24,92,66
2018-07-25,96,66
2018-07-26,98,67
2018-07-27,96,68
2018-07-28,86,67
2018-07-29,80,67
2018-07-30,89,66
2018-07-31,81,65
2018-08-01,87,60
2018-08-02,90,60
2018-08-03,93,60
2018-08-04,92,63
2018-08-05,92,66
2018-08-06,95,72
2018-08-07,94,69
2018-08-08,97,69
2018-08-09,83,68
2018-08-10,86,66
2018-08-11,92,66
2018-08-12,94,67
2018-08-13,89,70
2018-08-14,80,70
2018-08-15,85,70
2018-08-16,84,75
2018-08-17,96,71
2018-08-18,81,70
2018-08-19,90,70
2018-08-20,89,70
2018-08-21,89,65
2018-08-22,84,63
2018-08-23,87,63
2018-08-24,84,64
2018-08-25,92,65
2018-08-26,93,70
2018-08-27,93,70
2018-08-28,93,74
2018-08-29,94,74
2018-08-30,92,73
2018-08-31,97,68
2018-09-01,91,68
2018-09-02,89,71
2018-09-03,86,70
2018-09-04,88,70
2018-09-05,89,69
2018-09-06,90,69
2018-09-07,80,73
2018-09-08,83,73
2018-09-09,87,66
2018-09-10,76,65
2018-09-11,79,62
2018-09-12,75,63
2018-09-13,76,62
2018-09-14,89,62
2018-09-15,92,66
2018-09-16,92,66
2018-09-17,93,66
2018-09-18,93,68
2018-09-19,94,68
2018-09-20,96,68
2018-09-21,94,69
2018-09-22,91,62
2018-09-23,71,62
2018-09-24,67,63
2018-09-25,80,64
2018-09-26,87,67
2018-09-27,74,56
2018-09-28,65,52
2018-09-29,76,55
2018-09-30,78,54
2018-10-01,83,54
2018-10-02,84,64
2018-10-03,89,64
2018-10-04,89,66
2018-10-05,91,66
2018-10-06,90,67
2018-10-07,88,67
2018-10-08,86,67
2018-10-09,88,67
2018-10-10,82,69
2018-10-11,79,50
2018-10-12,68,47
2018-10-13,62,47
2018-10-14,58,54
2018-10-15,70,55
2018-10-16,64,45
2018-10-17,50,45
2018-10-18,68,46
2018-10-19,64,44
2018-10-20,62,44
2018-10-21,69,38
2018-10-22,59,33
2018-10-23,64,33
2018-10-24,70,40
2018-10-25,65,40
2018-10-26,55,49
2018-10-27,57,39
2018-10-28,73,39
2018-10-29,79,42
2018-10-30,73,42
2018-10-31,78,54
2018-11-01,76,52
2018-11-02,58,37
2018-11-03,61,36
2018-11-04,68,36
2018-11-05,62,39
2018-11-06,60,45
2018-11-07,65,51
2018-11-08,60,46
2018-11-09,55,39
2018-11-10,54,26
2018-11-11,44,26
2018-11-12,48,36
2018-11-13,44,31
2018-11-14,41,28
2018-11-15,,21
2018-11-16,50,21
,,
,,